source_division,name,alliance,cards,source_deck_descriptor,vanilla_deck_name_key,ysmxwifxwto_limited_code,ysmxwifxwto_unlimited_code,vanilla_official_icon_code,ysmxwifxwto_official_icon_code
Descriptor_Deck_Division_CAN_1st_Canadian_multi,1 CANADIAN DIVISION,NATO,36,Descriptor_Deck_CAN_1st_Canadian_multi,BKQFEPTBLZ,FhLzAaQUQDnAAAADnAAAADqQAAEFJ4HOUFKQHLUFKYHOUFKAHLUFKAHLUFK4HHEFKwHHEFJAHOQDj4HNwDkAHKgDlgAAADlAHOUDlYAAECxQAAECxQAAECxQAAEDjQAAIDjIAAADmAAAADmoAAEDqoAAADmgAAEFxYHVwFLIHKgDmQAAADmQAAAFJoHKkFAIAAEDugAAEDugAAEDuoAAEFBwAAIFAQAAAg==,FhLzCaQUQDnAAAADnAAAADqQAAEFJ4HOUFKQHLUFKYHOUFKAHLUFKAHLUFK4HHEFKwHHEFJAHOQDj4HNwDkAHKgDlgAAADlAHOUDlYAAECxQAAECxQAAECxQAAEDjQAAIDjIAAADmAAAADmoAAEDqoAAADmgAAEFxYHVwFLIHKgDmQAAADmQAAAFJoHKkFAIAAEDugAAEDugAAEDuoAAEFBwAAIFAQAAAg==,FhJm5pBNDmoAAOagAA6eAAVJhzZUnnKlSgc2VJpypUmnKlSocYVKZxhUinNg4yc0DjRycOUgAA5Gc2TlAABLDgAEsOAASw4ABOLgAI4sAADloAAOZAAE6kAADmAABXEHVBSscnDlwAAOXAABSScnU/wABO4gAE7iAATuQABUBAAJP+AACA==,FhgAAAAGntBG2AAAB5Jm5pBRAOcAAAAOcAAAAOpAAAQUngc5QUpActQUpgc5QUoActQUoActQUrgccQUrAccQUkAc5AOPgc3AOQAcqAOWAAAAOUAc5QOVgAAQLFAAAQLFAAAQLFAAAQONAAAgOMgAAAOYAAAAOagAAQOqgAAAOaAAAQXFgdXAUsgcqAOZAAAAOZAAAAUmgcqQUAgAAQO6AAAQO6AAAQO6gAAQUHAAAgUBAAACA==
Descriptor_Deck_Division_RFA_1_Luftlande_multi,1. LUFTLANDE-DIVISION,NATO,34,Descriptor_Deck_RFA_1_Luftlande_multi,UQNJNJDIKF,FhLzAaIUUGGgAAAFIAAAAAdgAAAAXAAAEFGwB94FHYKQUFIwB9kFHIKQQAvgLHQAvgLHQFfYAAABsIB9kBFQAAIFI4AAAAeAAAAAeIAAEFGQAAIByoB9kEZAAAEFfIAAEFHACjUAWQAAIAuQB94FIoA6kBQQAAIFx4AAIFx4AAEBYwAAEFyQAAEFyIAAEBNgAAIFG4DFkFGoKQUBfwB9wg==,FhLzCaIUUGGgAAAFIAAAAAdgAAAAXAAAEFGwB94FHYKQUFIwB9kFHIKQQAvgLHQAvgLHQFfYAAABsIB9kBFQAAIFI4AAAAeAAAAAeIAAEFGQAAIByoB9kEZAAAEFfIAAEFHACjUAWQAAIAuQB94FIoA6kBQQAAIFx4AAIFx4AAEBYwAAEFyQAAEFyIAAEBNgAAIFG4DFkFGoKQUBfwB9wg==,FhJnBohNWGIAAUdAAAHSAAAWAABUZh9JRwo7VIAfNUbKOwLwsZAvCxkV8AAAa8HzRE4ACUggAAHYAAAdoABUXAAIckHzUYYABV6gAFRqKKQVYACC3h9JR+DnRP4ACXGAAJcYAART4ABXHAAFcaAARNAACUaDE1Rko7RfYfQI,FhgAAAAGntBG2AAAB5JnBohRQYaAAAAUgAAAAB2AAAABcAAAQUbAH3gUdgpBQUjAH2QUcgpBAC+AsdAC+AsdAV9gAAAGwgH2QEVAAAgUjgAAAB4AAAAB4gAAQUZAAAgHKgH2QRkAAAQV8gAAQUcAKNQBZAAAgC5AH3gUigDqQFBAAAgXHgAAgXHgAAQFjAAAQXJAAAQXIgAAQE2AAAgUbgMWQUagpBQF/AH3CA==
Descriptor_Deck_Division_US_101st_Airmobile_multi,101ST AIRBORNE DIVISION,NATO,36,Descriptor_Deck_US_101st_Airmobile_multi,SOPQEOVMKR,FhLzAaQUYAXwAAEAZQAAEEbQAAEAG4AAMAy4ITYEsAITUEgYAh0AY4Ah0EgAEE0EsIAT0EgIAT0EgoANkEhYI20CWYBi0Eh4I20AD4AAEAD4AAEAVYAAEEAwAAEAHAAAEEhIANoEg4JDkDIgAh0EhoAh0EiII20BiIAAMDrwAAECCIAAEA3oAAEA+AAAEEigAAMAGoAAEEfgAAEEfgAAEAGQAAEBqYANgg==,FhLzCaQUYAXwAAEAZQAAEEbQAAEAG4AAMAy4ITYEsAITUEgYAh0AY4Ah0EgAEE0EsIAT0EgIAT0EgoANkEhYI20CWYBi0Eh4I20AD4AAEAD4AAEAVYAAEEAwAAEAHAAAEEhIANoEg4JDkDIgAh0EhoAh0EiII20BiIAAMDrwAAECCIAAEA3oAAEA+AAAEEigAAMAGoAAEEfgAAEEfgAAEAGQAAEBqYANgg==,FhI3TSCbAugACDHAAKNcAAgMgAGGRQlSV1CUpAAPaDDA9qPkggpXgHSj8AdKQIBipB0bCSwDEKQxGwgHAACAcAAIKgAAoAwACA1AAKQUBjJBEhaZBA9qQoD2pDkbCMOAAZ1sAAkDQACG6AAIe0AApEQAGAwAAKPYAAo9gACAvAAI1ABiEA==,FhgAAAAGntBG2AAAB5I3TSCjAC+AAAgDKAAAgjaAAAgA3AABgGXBCbAlgBCagkDAEOgDHAEOgkAAgmglhACegkBACegkFABsgkLBG2gSzAMWgkPBG2gAfAAAgAfAAAgCrAAAggGAAAgA4AAAgkJABtAkHBIcgZEAEOgkNAEOgkRBG2gMRAABgdeAAAgQRAAAgG9AAAgHwAAAgkUAABgA1AAAgj8AAAgj8AAAgAyAAAgNTABsEA==
Descriptor_Deck_Division_FR_11e_Para_multi,11E DIVISION PARACHUTISTE,NATO,36,Descriptor_Deck_FR_11e_Para_multi,YSPZTECEMB,FhLzAaQUYBxgAAIBxgAAIEKwAAIBM4AAIBM4AAICSoBOoFiwEQYCSgEQUAiIAAIBx4AAEByAAAEByAAAECPYAAEAkwAAEAk4AAICPQAAECTgAAAAlwAAICRwEnUCR4EnUCR4EnYCSAEnYCSAEnUCSYEnUBkgBOkBwwBPUBw4BPUCTYAAEFjQEnUCRQBOkCRQBOkCTAAAEAi4AAECQYAAECQQAAECPYAAAg==,FhLzCaQUYBxgAAIBxgAAIEKwAAIBM4AAIBM4AAICSoBOoFiwEQYCSgEQUAiIAAIBx4AAEByAAAEByAAAECPYAAEAkwAAEAk4AAICPQAAECTgAAAAlwAAICRwEnUCR4EnUCR4EnYCSAEnYCSAEnUCSYEnUBkgBOkBwwBPUBw4BPUCTYAAEFjQEnUCRQBOkCRQBOkCTAAAEAi4AAECQYAAECQQAAECPYAAAg==,FhFyaQTYcSAAhxIACQpgAITIAAhMgACJJBNpYmQ+iSJD5CHAAIcYAARxoABHGgAEjwAAQkYABCSAAIjuAASTIAACTgAIkWSaSRhJpJGEmokaSaiRpJpJIEmkZCE2RwYTpHCBOkkwAAVi5JpJDhNkkOE2SSoABCKAAEkAAASP4ABI8AAAgA==,FhgAAAAGntBG2AAAB5FyaQUYBxgAAIBxgAAIEKwAAIBM4AAIBM4AAICSoBOoFiwEQYCSgEQUAiIAAIBx4AAEByAAAEByAAAECPYAAEAkwAAEAk4AAICPQAAECTgAAAAlwAAICRwEnUCR4EnUCR4EnYCSAEnYCSAEnUCSYEnUBkgBOkBwwBPUBw4BPUCTYAAEFjQEnUCRQBOkCRQBOkCTAAAEAi4AAECQYAAECQQAAECPYAAAgA==
Descriptor_Deck_Division_US_11ACR_multi,11TH ARM. CAVALRY REGT.,NATO,33,Descriptor_Deck_US_11ACR_multi,HXXKRWZDMH,FhLzAaEUYAZoAAAAdgAAEAZwAAAAG4AAEBCYCPEAvgCO0DxQEEwARQEEwBfoB9wBF4AAABGYAAEAYIAAEADwAAEADwAAEADwAAEADwAAEADwAAEADwAAAApYB9wAEwAAEDxIAAED8AAAEAHIAAAAmIAh0ADgAAABpABi0D0oAAED0oAAEA5wAAEA6IAAEA5oAAAAYgAAECUYAAAg,FhLzCaEUYAZoAAAAdgAAEAZwAAAAG4AAEBCYCPEAvgCO0DxQEEwARQEEwBfoB9wBF4AAABGYAAEAYIAAEADwAAEADwAAEADwAAEADwAAEADwAAEADwAAAApYB9wAEwAAEDxIAAED8AAAEAHIAAAAmIAh0ADgAAABpABi0D0oAAED0oAAEA5wAAEA6IAAEA5oAAAAYgAAECUYAAAg,FhEw0ImwMoAAA6QACDLAAADIAAiDhHKF4EcJ4cggAhiCAL6D6AiwAACMAACC+AAIBsAAgGwACAbAAIBsAAgGwACAbAAAUgPoAIAACeGAAJ90AAgNgAAEpA9oBkAADRQxCeiAAJ6IAAhywACHMAAIcoAAAwAACSgAABA=,FhgAAAAGntBG2AAAB5Ew0IowAzQAAAA7AAAIAzgAAAANwAAICEwEeIBfAEdoHigIJgAigIJgC/QD7gCLwAAACMwAAIAwQAAIAHgAAIAHgAAIAHgAAIAHgAAIAHgAAIAHgAAABSwD7gAJgAAIHiQAAIH4AAAIAOQAAABMQBDoAHAAAADSADFoHpQAAIHpQAAIBzgAAIB0QAAIBzQAAAAxAAAIEowAABA=
Descriptor_Deck_Division_FR_152e_Infanterie_multi,152E DIVISION D'INFANTERIE,NATO,36,Descriptor_Deck_FR_152e_Infanterie_multi,LBRGMDXMTK,FhLzAaQUUDcQAAEEygAAACHoAAACHoAAADNQAAEDDYJ0QCGoBJEItABRUDzwBRUDzgBRUCdIJTUBfYBSEFwIBSIErQJkQDAAGaQDAAGaUCGgBJIEwoAAEEwwAAEEwwAAEEwwAAAAo4AAEE4IBOkE4ABRUAiQAAAEpIAAACGYJTUExIBJECiAAAECiAAAEEywAAEEyYAAIEzAAAIE6YAAIE3IAAEE3gAAAg==,FhLzCaQUUDcQAAEEygAAACHoAAACHoAAADNQAAEDDYJ0QCGoBJEItABRUDzwBRUDzgBRUCdIJTUBfYBSEFwIBSIErQJkQDAAGaQDAAGaUCGgBJIEwoAAEEwwAAEEwwAAEEwwAAAAo4AAEE4IBOkE4ABRUAiQAAAEpIAAACGYJTUExIBJECiAAAECiAAAEEywAAEEyYAAIEzAAAIE6YAAIE3IAAEE3gAAAg==,FhJmBpBNTbYABTIgAAh0AACHQAAMzgAEwwnOCGQSFiyhQU82FBTzIUFJyJSkXwFDVvwUOSrpjgv4ZmC/hmZIYhIZMEAAUwYABTBgAFMGAAAoQABTfBNlN6FBQh4AASjAAAhglKUwwSFKGgAEoaAAUyYABTIAAJMqAAk6AACTbAAFNwAACA==,FhgAAAAGntBG2AAAB5JmBpBRQNxAAAQTKAAAAIegAAAIegAAAM1AAAQMNgnRAIagEkQi0AFFQPPAFFQPOAFFQJ0glNQF9gFIQXAgFIgStAmRAMAAZpAMAAZpQIaAEkgTCgAAQTDAAAQTDAAAQTDAAAACjgAAQTggE6QTgAFFQCJAAAASkgAAAIZglNQTEgEkQKIAAAQKIAAAQTLAAAQTJgAAgTMAAAgTpgAAgTcgAAQTeAAACA==
Descriptor_Deck_Division_BEL_16e_Mecanisee_multi,16DE PANTSERDIVISION,NATO,35,Descriptor_Deck_BEL_16e_Mecanisee_multi,ZYYGBZIEQE,FhLzAaMUUCaQAAADiwAAADiwAAADPYAAEC5wEzkC54E0EC54E0EC5oEzkCqYEzkCcgFpECc4E1kCygFmkCyoFmkC6oFeACzwAAACzwAAECxgAAECxoAAECxoAAECxoAAECxYAAEBOoAAICwAGeYDHwFeEBhAAAEERoAAEC3QFeEDi4AAECpgAAEEO4AAIEPAAAEDVgAAEDYwAAEDYgAAEDYQAAAg,FhLzCaMUUCaQAAADiwAAADiwAAADPYAAEC5wEzkC54E0EC54E0EC5oEzkCqYEzkCcgFpECc4E1kCygFmkCyoFmkC6oFeACzwAAACzwAAECxgAAECxoAAECxoAAECxoAAECxYAAEBOoAAICwAGeYDHwFeEBhAAAEERoAAEC3QFeEDi4AAECpgAAEEO4AAIEPAAAEDVgAAEDYwAAEDYgAAEDYQAAAg,FhHtmjE1JngAA4kAADiQAAM8AAEuWTLS5hM1LmEzUuUTLSqBMtJwFoUnETSSyJZZLJFlkukV0CzQAALNAAEsSAASxQABLFAAEsUAASxAABE4gAIr6Z1jHZXRGCgAFEUAAS25XROJgAEqSAAUOgACQ6gAE1SAATYQABNgAAE1+AAC,FhgAAAAGntBG2AAAB5HtmjFFAmkAAAA4sAAAA4sAAAAz2AABAucBM5AueBNBAueBNBAuaBM5AqmBM5AnIBaRAnOBNZAsoBZpAsqBZpAuqBXgAs8AAAAs8AABAsYAABAsaAABAsaAABAsaAABAsWAABATqAACAsABnmAx8BXhAYQAABBEaAABAt0BXhA4uAABAqYAABBDuAACBDwAABA1YAABA2MAABA2IAABA2EAAAI=
Descriptor_Deck_Division_UK_1st_Armoured_multi,1ST ARMOURED DIVISION,NATO,34,Descriptor_Deck_UK_1st_Armoured_multi,SWPIKAMRSW,FhLzAaIUQBtwAAACdwAAACMIAAEDcgAAECLYA+EArwEWUArwEWUCJgA/ABkYETYCUwEV0CU4ERwAfQAAECJ4AAECKAAAECKAAAEAfwAAEAfwAAEAfwAAAD64AAAD64AAICKoEV0Ae4AAEAeoAAACLgBAECLAEV0CJIER0Af4AAECMQAAECMoAAEAw4AAEBZAAAEBu4AAAAgQAAECMoAAAg==,FhLzCaIUQBtwAAACdwAAACMIAAEDcgAAECLYA+EArwEWUArwEWUCJgA/ABkYETYCUwEV0CU4ERwAfQAAECJ4AAECKAAAECKAAAEAfwAAEAfwAAEAfwAAAD64AAAD64AAICKoEV0Ae4AAEAeoAAACLgBAECLAEV0CJIER0Af4AAECMQAAECMoAAEAw4AAEBZAAAEBu4AAAAgQAAECMoAAAg==,FhF6aITQbWAACdYAAIvAAE28AASLAPVCrEVkKsRWSJIPkGQESolGRUSUhEQB7gAEiYAASJoABImgAEH2AAQfYABB9gAA+kAAD6QACIpEVEHoAAQeIAAIsg/UiqRUSIxERB+AAEi+AASMQABDBgAEWIAARugAAB/gAEjEAACA,FhgAAAAGntBG2AAAB5F6aIUQBtwAAACdwAAACMIAAEDcgAAECLYA+EArwEWUArwEWUCJgA/ABkYETYCUwEV0CU4ERwAfQAAECJ4AAECKAAAECKAAAEAfwAAEAfwAAEAfwAAAD64AAAD64AAICKoEV0Ae4AAEAeoAAACLgBAECLAEV0CJIER0Af4AAECMQAAECMoAAEAw4AAEBZAAAEBu4AAAAgQAAECMoAAAgA==
Descriptor_Deck_Division_US_1st_Cavalry_multi,1ST CAVALRY DIVISION,NATO,35,Descriptor_Deck_US_1st_Cavalry_multi,DNKNVDUUFE,FhLzAaMMYOmgAAABhgAAgAUAABAAoAAAAPQAAEA+oAAIB9QAAQAQAAAgAgAABB1gAACDrAAAEHToAAIESAAAQB/AAAg6iAJrBIUAE+DpsAAEAmIAh4BMQBDwLbgAAgAwAABABkAAAChAAAAHSwAAIA/gAAQAcAAAgD/AABBnCAACAzQAAEA5IAAIEowAAQdRgAAA6gB0zB08DpeALsAJ4QA=,FhLzCaMMYOmgAAABhgAAgAUAABAAoAAAAPQAAEA+oAAIB9QAAQAQAAAgAgAABB1gAACDrAAAEHToAAIESAAAQB/AAAg6iAJrBIUAE+DpsAAEAmIAh4BMQBDwLbgAAgAwAABABkAAAChAAAAHSwAAIA/gAAQAcAAAgD/AABBnCAACAzQAAEA5IAAIEowAAQdRgAAA6gB0zB08DpeALsAJ4QA=,FhJ0powtulwAAF+AAgDwAEAeAAA8AAEPkAAh8gAEA6AAgHQAF1YAAurAAF00AAkRQAEH2AAunwmVIMA6umAAEJSB7hKQPctoAAgLAAEBeAAKDQAB0kAAg+wAEBqAAg/AAFm8AAjMQAEOGAAkoAAF1AAAOnXS1026UgtQHQQ=,FhgAAAAGntBG2AAAB5J0powxg6aAAAAGGAACABQAAEACgAAAA9AAAQD6gAAgH1AABABAAACACAAAEHWAAAIOsAAAQdOgAAgRIAABAH8AACDqIAmsEhQAT4OmwAAQCYgCHgExAEPAtuAACADAAAEAGQAAAKEAAAAdLAAAgD+AABABwAACAP8AAEGcIAAIDNAAAQDkgAAgSjAABB1GAAADqAHTMHTwOl4AuwAnhA==
Descriptor_Deck_Division_RFA_2_PzGrenadier_multi,2. PZ.GRENADIER-DIVISION,NATO,34,Descriptor_Deck_RFA_2_PzGrenadier_multi,RPGUDLLPPH,FhLzAaIUQAwwB9kBigAAEAt4B9gAWQAAEAw4AAEBYoAAEBT4AAIBBoB90BQQAAEBIoAAAAdgAAAAdgAAABNQAAAApwB9gApwB9gBOgB9gAsgB9gBf4B98BBIB9oApgB9oCFgB90BfwB9wBGYAAABF4AAABF4AAAAdYAAEBFYAAEBFgAAEBFgAAEBFoAAEBFwAAEBFwAAAAdoAAABo4DCQg==,FhLzCaIUQAwwB9kBigAAEAt4B9gAWQAAEAw4AAEBYoAAEBT4AAIBBoB90BQQAAEBIoAAAAdgAAAAdgAAABNQAAAApwB9gApwB9gBOgB9gAsgB9gBf4B98BBIB9oApgB9oCFgB90BfwB9wBGYAAABF4AAABF4AAAAdYAAEBFYAAEBFgAAEBFgAAEBFoAAEBFwAAEBFwAAAAdoAAABo4DCQg==,FhFoaITQMEHzRiIABC1h8wFWAAQwYABFOgAEU0AAhBIfRE/gAESEAAAdIAAB0gAATMAAApYfMClh8wTgHzAsIfMF+B9MQMHzgpIfOIUh9EX2H0BGAAAEWAAARYAAAdAABEUAAERSAARFIABEVAAERWAARFYAAB1AAAaIMGCA,FhgAAAAGntBG2AAAB5FoaIUQAwwB9kBigAAEAt4B9gAWQAAEAw4AAEBYoAAEBT4AAIBBoB90BQQAAEBIoAAAAdgAAAAdgAAABNQAAAApwB9gApwB9gBOgB9gAsgB9gBf4B98BBIB9oApgB9oCFgB90BfwB9wBGYAAABF4AAABF4AAAAdYAAEBFYAAEBFgAAEBFgAAEBFoAAEBFwAAEBFwAAAAdoAAABo4DCQgA==
Descriptor_Deck_Division_US_24th_Inf_multi,24TH INFANTRY DIVISION (MECH.),NATO,35,Descriptor_Deck_US_24th_Inf_multi,RZRPDDGIES,FhLzAaMMYGygAAALagAAAW1AAAAGYAACB+IAxcAY4BlQH5QPvgPzAffACOABIATWACQAIsAyoBeQBlYAuwAnAAKAAAAfbAAAABEAACAfUAAAD7oAAAH3QAAQDFAAAgAfAABAA+AAACAUAmwAEwAAAApQAnAQCAGVAAcAAAABQAACADAAAAD84AAAH5wAAQIIgAAgarAABAOGAACAcAAAAQA=,FhLzCaMMYGygAAALagAAAW1AAAAGYAACB+IAxcAY4BlQH5QPvgPzAffACOABIATWACQAIsAyoBeQBlYAuwAnAAKAAAAfbAAAABEAACAfUAAAD7oAAAH3QAAQDFAAAgAfAABAA+AAACAUAmwAEwAAAApQAnAQCAGVAAcAAAABQAACADAAAAD84AAAH5wAAQIIgAAgarAABAOGAACAcAAAAQA=,FhI0DRhbNjAABbIAALZAAAMkABPvhiIMMMePxH3B+M+4BFAHwmcA+BDhjwtAMfBagOQA8AAPsAAAB4ABD5AAB9oAAPtAAIYcABAOAAIBwAAQBBMwCAAABGAOSAEMeAMgAACIABAWAAB+QAAPyAAJA0ABNUAAIcAABDeAAAg=,FhgAAAAGntBG2AAAB5I0DRhjA2UAAABbUAAAC2oAAAAzAAAQPxAGLgDHAMqA/KB98B+YD74ARwAJACawASABFgGVALyAMrAF2AE4ABQAAAD7YAAAAIgAAQD6gAAAfdAAAA+6AACAYoAAEAD4AAIAHwAAAQCgE2AAmAAAAFKAE4CAQAyoADgAAAAKAAAQAYAAAAfnAAAA/OAACBBEAAEDVYAAIBwwAAQDgAAACA==
Descriptor_Deck_Division_UK_2nd_Infantry_multi,2ND INFANTRY DIVISION,NATO,35,Descriptor_Deck_UK_2nd_Infantry_multi,MRGDDWWHJW,FhLzAaMUUCUQAAABtwAAAAewAAACMIAAECPIERwAsAERwAsAERwAsAERwCOAERwBkYIc0CNgBAECNoBAEEKQBCsAr4ER0AfoBAEAfIAAEAfIAAECJAAAAAfwAAEGdoAAEGdoAAEGdoAAECLoEV0AhIAAEAeoAAECLoEYwCQwEV0CLAEV0CVQER0Af4AAECMQAAECMoAAEAhgAAECPwAAEBZIAAAg,FhLzCaMUUCUQAAABtwAAAAewAAACMIAAECPIERwAsAERwAsAERwAsAERwCOAERwBkYIc0CNgBAECNoBAEEKQBCsAr4ER0AfoBAEAfIAAEAfIAAECJAAAAAfwAAEGdoAAEGdoAAEGdoAAECLoEV0AhIAAEAeoAAECLoEYwCQwEV0CLAEV0CVQER0Af4AAECMQAAECMoAAEAhgAAECPwAAEBZIAAAg,FhF8aMTUk+AABtYAAB5AAAi8AASOxEQCsERAKwREArBEQI2kRAZAhwSNIP1I1A/VCeEGwq5ERB9A/UHsAAQewABIigAAH2AAWdQABZ1AAFnUAASLRFRCCgAEHiAASLRGAJBkVEiqRUSUxERB+AAEi+AASMQABCEAAEj2AARYoAAI,FhgAAAAGntBG2AAAB5F8aMUUCUQAAABtwAAAAewAAACMIAAECPIERwAsAERwAsAERwAsAERwCOAERwBkYIc0CNgBAECNoBAEEKQBCsAr4ER0AfoBAEAfIAAEAfIAAECJAAAAAfwAAEGdoAAEGdoAAEGdoAAECLoEV0AhIAAEAeoAAECLoEYwCQwEV0CLAEV0CVQER0Af4AAECMQAAECMoAAEAhgAAECPwAAEBZIAAAg=
Descriptor_Deck_Division_US_2nd_Marine_multi,2ND MARINE DIVISION,NATO,36,Descriptor_Deck_US_2nd_Marine_multi,TBIGFRMHUM,FhLzAaQUYEEQAAEEEYAAEGHAAAIF44Bi0F4wMOUF5IBi0F3YL0kF4IBi0F4IBi0F5ABi0F3oAh0F3IAh0F3IAh4F5QAAEF5YAAEF5gAAEF54AAEF8QAAEF74AAEH6YIH0F4YLzUHVwAAEF64Bi0F3wAh0F7oAAEF7oAAEGGoAAEF7YAAEGG4AAEGJoAAEGJgAAEFX4AAEGK4AAEGGwAAEGLoAAEGNQAAAg==,FhLzCaQUYEEQAAEEEYAAEGHAAAIF44Bi0F4wMOUF5IBi0F3YL0kF4IBi0F4IBi0F5ABi0F3oAh0F3IAh0F3IAh4F5QAAEF5YAAEF5gAAEF54AAEF8QAAEF74AAEH6YIH0F4YLzUHVwAAEF64Bi0F3wAh0F7oAAEF7oAAEGGoAAEF7YAAEGG4AAEGJoAAEGJgAAEFX4AAEGK4AAEGGwAAEGLoAAEGNQAAAg==,FhJyZpBNkDwABQPgAFhqAAl4gYhXhsNleMGIV3C89XfBiFd8GIV4oYhXdAe1dsB7V2wHuXjgAFeQAAV5IABXmAAFe8AAV7YABdWoHFeAvKXVYABXoBiFd2B7V7AABXsAAFhkAAV64ABYaAAFiOAAWIoABVeAAFioAAWGYABYsgAFjKAACA==,FhgAAAAGntBG2AAAB5JyZpBRgQRAAAQQRgAAQYcAAAgXjgGLQXjAw5QXkgGLQXdgvSQXggGLQXggGLQXkAGLQXegCHQXcgCHQXcgCHgXlAAAQXlgAAQXmAAAQXngAAQXxAAAQXvgAAQfpggfQXhgvNQdXAAAQXrgGLQXfACHQXugAAQXugAAQYagAAQXtgAAQYbgAAQYmgAAQYmAAAQVfgAAQYrgAAQYbAAAQYugAAQY1AAACA==
Descriptor_Deck_Division_US_35th_Inf_multi,35TH INFANTRY DIVISION (MECH.),NATO,36,Descriptor_Deck_US_35th_Inf_multi,IQBGXZCRGB,FhLzAaQUUC8oBi0EmYBi0C8wBi0C8wBi0EoQBi0BeQBlUEl4BlUEoAAAEEoAAAAD7YAAAD7YAAEEjwAAEEj4AAEEj4AAEEQ4AAEEkAAAEEjgAAEEjgAAEEmIBi0EmIBi0EnYBlYEuYAAEElwAAEEAgBlUEjoAAEDhAAAEBpABi0EuQAAAEugAAAEugAAEAYAAAEEbQAAAEkIAAEEuoAAEEuwAAEEvgAAAg==,FhLzCaQUUC8oBi0EmYBi0C8wBi0C8wBi0EoQBi0BeQBlUEl4BlUEoAAAEEoAAAAD7YAAAD7YAAEEjwAAEEj4AAEEj4AAEEQ4AAEEkAAAEEjgAAEEjgAAEEmIBi0EmIBi0EnYBlYEuYAAEElwAAEEAgBlUEjoAAEDhAAAEBpABi0EuQAAAEugAAAEugAAEAYAAAEEbQAAAEkIAAEEuoAAEEuwAAEEvgAAAg==,FhJlppBNS8QYhSYBiEvGGIS8YYhSfBiEWgGPUlgY9SegAFJ6AAD7AAAPsAAFI2AAUjgABSOAAFEIAAUjoABSMgAFIyAAUlwYhSXBiFJwGPkuAABSVgAFACGPUjQABOCAAEaKGIUt4AAS4gABLiAAQXgABRrgABI8AAUuQABS5gAFLwAACA==,FhgAAAAGntBG2AAAB5JlppBRQLygGLQSZgGLQLzAGLQLzAGLQShAGLQF5AGVQSXgGVQSgAAAQSgAAAAPtgAAAPtgAAQSPAAAQSPgAAQSPgAAQRDgAAQSQAAAQSOAAAQSOAAAQSYgGLQSYgGLQSdgGVgS5gAAQSXAAAQQCAGVQSOgAAQOEAAAQGkAGLQS5AAAAS6AAAAS6AAAQBgAAAQRtAAAASQgAAQS6gAAQS7AAAQS+AAACA==
Descriptor_Deck_Division_US_3rd_Arm_multi,3RD ARMORED DIVISION,NATO,35,Descriptor_Deck_US_3rd_Arm_multi,UNCZVMGPSQ,FhLzAaMUYCYIAqAARwAqEBNYAJEBNYAJEARYBi0AUoBNkDIgAh0AEwAAEAHIAAEAmIBlUAmIBlUADgAAEAGAAAAA4QAAAACwAAAACwAAEAYIAAEADwAAEADwAAEADwAAAADoAAAADoAAEA2wAAEA24AAECX4AAAAX4AAAAX4AAABgQBlQAFAAAEA5YAAEA3QAAEA3gAAAADoAAAAYgAAEAFgAAAg,FhLzCaMUYCYIAqAARwAqEBNYAJEBNYAJEARYBi0AUoBNkDIgAh0AEwAAEAHIAAEAmIBlUAmIBlUADgAAEAGAAAAA4QAAAACwAAAACwAAEAYIAAEADwAAEADwAAEADwAAAADoAAAADoAAEA2wAAEA24AAECX4AAAAX4AAAAX4AAABgQBlQAFAAAEA5YAAEA3QAAEA3gAAAADoAAAAYgAAEAFgAAAg,FhE00YmxL4FKAigUqJnAPomcA+ghwxCCMCZpkED2gIAACA2AAISkMehKQx6AZAAICwAABvgAAAQAAABAAAgvgACAbAAIBsAAgGwAAAaAAABoAAhsAACGxAAJLwAAAuwAAC7AAAv8MeAIgACHFAAIbYAAhuAAAAaAAAMAAAgKAAAQ,FhgAAAAGntBG2AAAB5E00YowEwQBUAAjgBUICawASICawASIAiwDFoApQCbIGRABDoAJgAAIAOQAAIBMQDKoBMQDKoAHAAAIAMAAAABwgAAAAFgAAAAFgAAIAwQAAIAHgAAIAHgAAIAHgAAAAHQAAAAHQAAIBtgAAIBtwAAIEvwAAAAvwAAAAvwAAADAgDKgAKAAAIBywAAIBugAAIBvAAAAAHQAAAAxAAAIALAAABA=
Descriptor_Deck_Division_NL_4e_Divisie_multi,4E DIVISIE,NATO,35,Descriptor_Deck_NL_4e_Divisie_multi,LXNFRYRRJZ,FhLzAaMUUCaYAAACagAAACagAAAESYAAEDxYE0UDxgE0UDxoE0UDxgE0UCmQFpUES4FhkES4FhkC7wFEUC7wFEQCz4AAACz4AAEE24AAECxIAAEE24AAEE3AAAEE3AAAEE3AAAECyYAAECbAAAEDGIFhkDGgGhoCwYFhkC1AAAECjIFEUC3gFhkCpoAAECjoFEUDVoAAIERgAAEDWYAAEDVwAAAg,FhLzCaMUUCaYAAACagAAACagAAAESYAAEDxYE0UDxgE0UDxoE0UDxgE0UCmQFpUES4FhkES4FhkC7wFEUC7wFEQCz4AAACz4AAEE24AAECxIAAEE24AAEE3AAAEE3AAAEE3AAAECyYAAECbAAAEDGIFhkDGgGhoCwYFhkC1AAAECjIFEUC3gFhkCpoAAECjoFEUDVoAAIERgAAEDWYAAEDVwAAAg,FhHrmjE1JoAAAmiAACaIAARIAAE8QTOTxJM5PFEzk8STOSl5aJRKFg1EoWDS7RQ5LtFDgs2AACzYABTaAAEsMAAU2gABTagAFNqAAU2oABLIAAEmoAATFxYNMYmg4r+WDS0gABKKlDktyWDSpQABKNFDk1UAAkRIABNYAAE1WAAC,FhgAAAAGntBG2AAAB5HrmjFFAmmAAAAmoAAAAmoAAABEmAABA8WBNFA8YBNFA8aBNFA8YBNFApkBaVBEuBYZBEuBYZAu8BRFAu8BREAs+AAAAs+AABBNuAABAsSAABBNuAABBNwAABBNwAABBNwAABAsmAABAmwAABAxiBYZAxoBoaAsGBYZAtQAABAoyBRFAt4BYZAqaAABAo6BRFA1aAACBEYAABA1mAABA1cAAAI=
Descriptor_Deck_Division_UK_4th_Armoured_multi,4TH ARMOURED DIVISION,NATO,37,Descriptor_Deck_UK_4th_Armoured_multi,CISOZFOUBO,FhLzAaUUQCdwAAAEFYAAACMIAAECLYBCkEVQBCkEVQBCkCJgILkBwAEV0COwER0BkIILUBkYETQAfQAAEAgQAAEAfIAAECJ4AAECJ4AAEEGAAAECKIAAECKIAAECKAAAECKAAAECKAAAEBOwAAEE34BCkDIYEV0AhIAAEEKgAAECJIER0DyQGLEAf4AAICMgAAECMoAAECPgAAEE3wAAEAzIAAEAfIAAECNIAAAg,FhLzCaUUQCdwAAAEFYAAACMIAAECLYBCkEVQBCkEVQBCkCJgILkBwAEV0COwER0BkIILUBkYETQAfQAAEAgQAAEAfIAAECJ4AAECJ4AAEEGAAAECKIAAECKIAAECKAAAECKAAAECKAAAEBOwAAEE34BCkDIYEV0AhIAAEEKgAAECJIER0DyQGLEAf4AAICMgAAECMoAAECPgAAEE3wAAEAzIAAEAfIAAECNIAAAg,FhHvGlE0J1gABBOAACLwABIsBBlFOEGUU4QZIkoK0b6RUSOZERGPIKkZARKAe4ABB/gAEHsAASJgABImAAFBaAASJwABInAAEiaAASJoABImgAETkAAU3gQZMgEVEIKAAUKIABIjERE8eYpQfgACIwgAEjEAASPIABTdgAEMsAAQewABIzAAAg==,FhgAAAAGntBG2AAAB5HvGlFEAncAAABBWAAAAjCAABAi2AQpBFUAQpBFUAQpAiYCC5AcABFdAjsBEdAZCCC1AZGBE0AH0AABAIEAABAHyAABAieAABAieAABBBgAABAiiAABAiiAABAigAABAigAABAigAABATsAABBN+AQpAyGBFdAISAABBCoAABAiSBEdA8kBixAH+AACAjIAABAjKAABAj4AABBN8AABAMyAABAHyAABAjSAAAI=
Descriptor_Deck_Division_RFA_5_Panzer_multi,5. PANZERDIVISION,NATO,36,Descriptor_Deck_RFA_5_Panzer_multi,BVMJTZRQND,FhLzAaQUUBGoAAABGQAAABGQAAABNQAAEBCYCOgAwwB9kAvgCOUAvgCOUAvgCOQBfoCOQBOgA7gAdYAAABPAAAABF4AAABF4AAEBFYAAEBFgAAEBFoAAEBFoAAEBFwAAEBFwAAEBFwAAACGQAAACGQAAAAt4B9oApoB9wBZQAAEBQIAAEAuQB9wAWQAAABHoAAEBQQAAEBFwAAEBMwAAEBT4AAEBYoAAAg==,FhLzCaQUUBGoAAABGQAAABGQAAABNQAAEBCYCOgAwwB9kAvgCOUAvgCOUAvgCOQBfoCOQBOgA7gAdYAAABPAAAABF4AAABF4AAEBFYAAEBFgAAEBFoAAEBFoAAEBFwAAEBFwAAEBFwAAACGQAAACGQAAAAt4B9oApoB9wBZQAAEBQIAAEAuQB9wAWQAAABHoAAEBQQAAEBFwAAEBMwAAEBT4AAEBYoAAAg==,FhEo0gmojIAACLwAAIvAAAmYAAiDhG4GCD5oXgRsheBGyF4EbAvoRsCcAdYDoAAAnUAACLAAAIsAAIigAAiKQACIqAAIioAAiKwACIrAAIisAAELwAAQvAAAWsPnBSg+gLGAAIn4AAhbw+gCrAAAjoAAifwACIrAAIkUAAimgACKdAABAA==,FhgAAAAGntBG2AAAB5Eo0gooCNQAAACMgAAACMgAAACagAAICEwEdABhgD7IBfAEcoBfAEcoBfAEcgC/QEcgCdAB3AA6wAAACeAAAACLwAAACLwAAICKwAAICLAAAICLQAAICLQAAICLgAAICLgAAICLgAAAEMgAAAEMgAAABbwD7QBTQD7gCygAAICgQAAIBcgD7gAsgAAACPQAAICggAAICLgAAICZgAAICnwAAICxQAABAA==
Descriptor_Deck_Division_FR_5e_Blindee_multi,5E DIVISION BLINDEE,NATO,34,Descriptor_Deck_FR_5e_Blindee_multi,PIGNWYDHJI,FhLzAaIUQCHoAAACHoAAAAlwAAEBxABRQCGwBRUCDoBUECDwBUEBfYBUUBkQBUUCH4AAECH4AAAAiAAAAAiAAAECDYAAECDYAAEAqgAAEAqgAAEAqgAAEAqgAAECDQAAACHYEQYCwIEQUAzAAAECIYAAACGYEQEAiYAAECG4AAEAioAAEAlYAAICNQAAECIgAAICD4BJEByAAAEByAAAAg==,FhLzCaIUQCHoAAACHoAAAAlwAAEBxABRQCGwBRUCDoBUECDwBUEBfYBUUBkQBUUCH4AAECH4AAAAiAAAAAiAAAECDYAAECDYAAEAqgAAEAqgAAEAqgAAEAqgAAECDQAAACHYEQYCwIEQUAzAAAECIYAAACGYEQEAiYAAECG4AAEAioAAEAlYAAICNQAAECIgAAICD4BJEByAAAEByAAAAg==,FhF0aITQh0AACHQAACTgAEcKFBCGYUFINBTUg2FNRfAU5GPhTkh4AASHgAACGAAAIYAASDAABIMAAEKiAAQqIABCogAEKiAASC4AAIcEPor8Q+QyoABIgAAAhgQ9QiAABIaAAEIkAAQkwACIzgAEiCAAiDgSFHGgAEcaAACA,FhgAAAAGntBG2AAAB5F0aIUQCHoAAACHoAAAAlwAAEBxABRQCGwBRUCDoBUECDwBUEBfYBUUBkQBUUCH4AAECH4AAAAiAAAAAiAAAECDYAAECDYAAEAqgAAEAqgAAEAqgAAEAqgAAECDQAAACHYEQYCwIEQUAzAAAECIYAAACGYEQEAiYAAECG4AAEAioAAEAlYAAICNQAAECIgAAICD4BJEByAAAEByAAAAgA==
Descriptor_Deck_Division_RFA_6_PzGrenadier_multi,6. PZ.GRENADIER-DIVISION,NATO,37,Descriptor_Deck_RFA_6_PzGrenadier_multi,SEGMXQFLEH,FhLzAaUUUBGoAAAF9AAAABGQAAEGMIIS0AvgCOUIYgCOUIYoCOUF+IL6UAvQIS0BOQA7kF+YL6QBfoB9wBF4AAABGYAAEBFQAAEFI4AAEAeAAAEF8gAAIA+gAAAAeIAAABO4AAEF9YAAMF8oAAMAuAMXsAuAL6QF+AL6QC34AAAAWQAAAF9QDCUAuQB90BQYAAEIXwAAEIXoAAEF94AAEF9wAAEF9oAAEF9gAAAg,FhLzCaUUUBGoAAAF9AAAABGQAAEGMIIS0AvgCOUIYgCOUIYoCOUF+IL6UAvQIS0BOQA7kF+YL6QBfoB9wBF4AAABGYAAEBFQAAEFI4AAEAeAAAEF8gAAIA+gAAAAeIAAABO4AAEF9YAAMF8oAAMAuAMXsAuAL6QF+AL6QC34AAAAWQAAAF9QDCUAuQB90BQYAAEIXwAAEIXoAAEF94AAEF9wAAEF9oAAEF9gAAAg,FhJyJpRNRGQAAXyAAAReAAWLyEhC8CNmF+I2YYAjZX3L5ULuhIRN4OtX3r5QX0H0BFgAAEYAAEROAAVIIABB2AAFfAAAg+IAAB2gAAToAAV9AADXxAAMLYxawti+UX2r5Qt4AAAVYAAXzjBkLeH0RQAABhdgAGF0AAV9gABX1gAFfUAAV9IAAIA=,FhgAAAAGntBG2AAAB5JyJpRRQEagAAAX0AAAAEZAAAQYwghLQC+AI5QhiAI5QhigI5QX4gvpQC9AhLQE5ADuQX5gvpAF+gH3AEXgAAAEZgAAQEVAAAQUjgAAQB4AAAQXyAAAgD6AAAAB4gAAAE7gAAQX1gAAwXygAAwC4AxewC4AvpAX4AvpALfgAAABZAAAAX1AMJQC5AH3QFBgAAQhfAAAQhegAAQX3gAAQX3AAAQX2gAAQX2AAACA
Descriptor_Deck_Division_FR_6e_Blindee_Legere_multi,6E DIVISION LEGERE BLINDEE,NATO,35,Descriptor_Deck_FR_6e_Blindee_Legere_multi,YIYIKRQBLN,FhLzAaMUUCIQAAAFCQAAIDzQLEYFCYEnUDzYLEUDzYLEUDzILEUCEQBRUD0QJ60Ff4BOgCuAGaUDzAAAEDnwAAEDnwAAEDn4AAEDn4AAEDn4AAEFiAAAEEZQAAEFioAAAAqQAAEFfgK/QCiAAAACGYBOkFgIJ60Ai4AAEByAAAIAioAAEAkwAAEAkwAAECQYAAEEXYAAEFiYAAEFjAAAAFCQAAAg,FhLzCaMUUCIQAAAFCQAAIDzQLEYFCYEnUDzYLEUDzYLEUDzILEUCEQBRUD0QJ60Ff4BOgCuAGaUDzAAAEDnwAAEDnwAAEDn4AAEDn4AAEDn4AAEFiAAAEEZQAAEFioAAAAqQAAEFfgK/QCiAAAACGYBOkFgIJ60Ai4AAEByAAAIAioAAEAkwAAEAkwAAECQYAAEEXYAAEFiYAAEFjAAAAFCQAAAg,FhIxTRiakPwAAoPAAR5dYdKECTSeYWHJ5hYcnllhyQfCgp51POq/AmwVtMzJ5UAAnOQACc5AAJzoAAnOgACc6AAKw0AAoxQACsSAAAU8AAq+VfQUNAABDAJsq/k86EUAAI40ABBEgACEjAAISMAAkgAACi4AAKxAAArFQAAoPAABAA==,FhgAAAAGntBG2AAAB5IxTRiigRCAAAAoSAABAeaBYjAoTAk6gebBYigebBYigeZBYigQiAKKgeiBPWgr/AJ0AVwAzSgeYAAAgc+AAAgc+AAAgc/AAAgc/AAAgc/AAAgsQAAAgjKAAAgsVAAAAFSAAAgr8BX6AUQAAAAQzAJ0gsBBPWgEXAAAgOQAABAEVAAAgEmAAAgEmAAAgSDAAAgi7AAAgsTAAAgsYAAAAoSAAAEA
Descriptor_Deck_Division_US_6th_Light_multi,6TH INFANTRY DIVISION (LIGHT),NATO,37,Descriptor_Deck_US_6th_Light_multi,WGTUVQYDKY,FhLzAaUUQChQAAAAYYAAAFRAAAEAHoAAEC8oLRkC84LRkFSgEE0En4BlUEl4BlYBnYEE0Bn4EE0BngEE8FWIBi0BgYAh0FWoBi0AmQAh0AmQAhwD7gAAEFQQAAEAVYAAIFS4BNoFSoKf4BFIATkFQAAAEFQAAAEFRQAAAEAgBlUCkABi0BpABi0AGAAAEAGAAAECCIAAEFRoAAEFYAAAEFYQAAEFX4AAEAVYAAAg,FhLzCaUUQChQAAAAYYAAAFRAAAEAHoAAEC8oLRkC84LRkFSgEE0En4BlUEl4BlYBnYEE0Bn4EE0BngEE8FWIBi0BgYAh0FWoBi0AmQAh0AmQAhwD7gAAEFQQAAEAVYAAIFS4BNoFSoKf4BFIATkFQAAAEFQAAAEFRQAAAEAgBlUCkABi0BpABi0AGAAAEAGAAAECCIAAEFRoAAEFYAAAEFYQAAEFX4AAEAVYAAAg,FhJn5pRNCg4AABfgABUEAAQHAABLxLQkvItCVSJBBSeBj1JYGPhnBBBGeEEEZyQQ1VwYhGAAe1VkGIQlYHtCVgew+yAAVP4ABBUAAJUoEzlSSnyETAOVT6AAVPoABVDgABACGPSjoYhGihiEBYAAQFgABIGgAFUUAAVXoABVfgAFV4AAQVAAAIA=,FhgAAAAGntBG2AAAB5Jn5pRRAKFAAAABhgAAAVEAAAQAegAAQLygtGQLzgtGQVKAQTQSfgGVQSXgGVgGdgQTQGfgQTQGeAQTwVYgGLQGBgCHQVagGLQCZACHQCZACHAPuAAAQVBAAAQBVgAAgVLgE2gVKgp/gEUgBOQVAAAAQVAAAAQVFAAAAQCAGVQKQAGLQGkAGLQAYAAAQAYAAAQIIgAAQVGgAAQVgAAAQVhAAAQVfgAAQBVgAACA
Descriptor_Deck_Division_US_82nd_Airborne_multi,82ND AIRBORNE DIVISION,NATO,36,Descriptor_Deck_US_82nd_Airborne_multi,CAJUCIFHGO,FhLzAaQUUAZQAAAAYYAAEAZwAAIBk4EE0BngEE0Bn4EE0Bn4EE0CEwAh0BugAh0BgYAh4AywAT0BqYEE0BnwBNUEEoAAEAHAAAEBrIAAMAGoAAIBZwAAEA24AAEAGQAAEBrAAAEBrAAAEBrAAAEBqwAAEBrQAh0AHQAAEA5YAAEA4YAAEA4oAAEBmgAAEA6IAAEEsIATwAG4AAEEsIATwAG4AAEEEgAAAg==,FhLzCaQUUAZQAAAAYYAAEAZwAAIBk4EE0BngEE0Bn4EE0Bn4EE0CEwAh0BugAh0BgYAh4AywAT0BqYEE0BnwBNUEEoAAEAHAAAEBrIAAMAGoAAIBZwAAEA24AAEAGQAAEBrAAAEBrAAAEBrAAAEBqwAAEBrQAh0AHQAAEA5YAAEA4YAAEA4oAAEBmgAAEA6IAAEEsIATwAG4AAEEsIATwAG4AAEEEgAAAg==,FhFwaQTUGOAAAX4ABBlgAIZIQQRnJBBGeEEEZ4QQSEYHtG3ge0YAB7gyADpGoEEEZ2EyUEQABAagAEasAAwGAACFlgAENiAAQF4ABGqgAEaqAARqoABGpgAEauB7QG4ABDigAEOAAAQ4QABGYgAEOYAAUrwDoAZAAFK8A6AGQABQQgAAgA==,FhgAAAAGntBG2AAAB5FwaQUUAZQAAAAYYAAEAZwAAIBk4EE0BngEE0Bn4EE0Bn4EE0CEwAh0BugAh0BgYAh4AywAT0BqYEE0BnwBNUEEoAAEAHAAAEBrIAAMAGoAAIBZwAAEA24AAEAGQAAEBrAAAEBrAAAEBrAAAEBqwAAEBrQAh0AHQAAEA5YAAEA4YAAEA4oAAEBmgAAEA6IAAEEsIATwAG4AAEEsIATwAG4AAEEEgAAAgA==
Descriptor_Deck_Division_US_8th_Inf_multi,8TH INFANTRY DIVISION (MECH.),NATO,35,Descriptor_Deck_US_8th_Inf_multi,QQYUUBQMEO,FhLzAaMUUAZIAG0ARgAG0AmYBiUAmYBiQARYAGwBgQBlQBgQBlUAY4BlYAbgAT0AxoAAAAFYAAEA+oAAAADwAAAADwAAAAUoBiIBFIAh0AEwAAEAHIAAEAmIBlUAmIBlUADgAAABpABi0AGAAAEAGAAAAADIAAAADIAAAACgAAEA5wAAECCAAAEA4gAAEA5IAAAADwAAAAYYAAAAYYAAAACQAAAg,FhLzCaMUUAZIAG0ARgAG0AmYBiUAmYBiQARYAGwBgQBlQBgQBlUAY4BlYAbgAT0AxoAAAAFYAAEA+oAAAADwAAAADwAAAAUoBiIBFIAh0AEwAAEAHIAAEAmIBlUAmIBlUADgAAABpABi0AGAAAEAGAAAAADIAAAADIAAAACgAAEA5wAAECCAAAEA4gAAEA5IAAAADwAAAAYYAAAAYYAAAACQAAAg,FhE40YmoMUAsgiQCyEuDDIS4MMAhwCwL/DHgv8Megwwx8DXAdIYkAAAJgACHyAAABsAAAGwAACMDCwiYD2gIAACA2AAISkMehKQx6AZAAA0UMQgLAACAsAAABIAAAEgAAAPAAIcsAAjlQACHBAAIcMAAAGwAAC/AAAL8AAADQAAQ,FhgAAAAGntBG2AAAB5E40YooAyQANoAjAANoBMwDEoBMwDEgAiwANgDAgDKgDAgDKoAxwDKwA3AAnoBjQAAAAKwAAIB9QAAAAHgAAAAHgAAAApQDEQCKQBDoAJgAAIAOQAAIBMQDKoBMQDKoAHAAAADSADFoAMAAAIAMAAAAAGQAAAAGQAAAAFAAAIBzgAAIEEAAAIBxAAAIByQAAAAHgAAAAwwAAAAwwAAAAEgAABA=
Descriptor_Deck_Division_US_9th_Mot_multi,9TH INFANTRY DIVISION (MOT.),NATO,36,Descriptor_Deck_US_9th_Mot_multi,VNHPMSAWYT,FhLzAaQMYF5QDFgLzgGLAXmAMXAGOCXuAvIAysCWwKkYHhgTYwTBgmxAlAAAABLcAAAB9sAAEAxoAAIIhwAAQRDgAAgArAABAFWAACBQkAAEEAoBlYIiASvQKcAAAgU7AABA8oAACATEE+MCkoBi4FtwAAQAYgAAgAwAABAgiAACBrkAAEA5gAAABwgAAQHBgnxgrRBPiAoUAAABQoAAAAYYAAAg,FhLzCaQMYF5QDFgLzgGLAXmAMXAGOCXuAvIAysCWwKkYHhgTYwTBgmxAlAAAABLcAAAB9sAAEAxoAAIIhwAAQRDgAAgArAABAFWAACBQkAAEEAoBlYIiASvQKcAAAgU7AABA8oAACATEE+MCkoBi4FtwAAQAYgAAgAwAABAgiAACBrkAAEA5gAAABwgAAQHBgnxgrRBPiAoUAAABQoAAAAYYAAAg,FhHsmkC2XiDEC8gYgXjDEQYaXeLQDHyWao2eDTXUwCa4k9AAEtQAAfYAAQxIACiEAAUQgACAmAAQVAACUGAAUAQY+iFStymoACU3AATyIACEpT2ykQYiW0AAQFwACAsAASBoACazAAQ5IAAG+AARv6e2rOT2ig4AAUHAAAX4AAI=,FhgAAAAGntBG2AAAB5HsmkDGBeUAxYC84BiwF5gDFwBjgl7gLyAMrAlsCpGB4YE2MEwYJsQJQAAAAS3AAAAfbAABAMaAACCIcAAEEQ4AAIAKwAAQBVgAAgUJAABBAKAZWCIgEr0CnAAAIFOwAAQPKAAAgExBPjApKAYuBbcAAEAGIAAIAMAAAQIIgAAga5AABAOYAAAAcIAAEBwYJ8YK0QT4gKFAAAAUKAAAAGGAAAI=
Descriptor_Deck_Division_NATO_Garnison_Berlin_multi,BERLIN COMMAND,NATO,36,Descriptor_Deck_NATO_Garnison_Berlin_multi,BRXFUPCHPW,FhLzAaQUQAYYAAACHoAAAAZgAAEDcgAAECWwEEwDwwEEwAyAEEwCHQBJACOwEVwBkQBOkBxABRUAqwBRQCH4AAAACwAAAACwAAECVgAAEAoIAAEAqoAAAAhwAAEAxQAAAAD4AAAAVYAAACHYBOgAhIAAECIYAAIAbQATgCJIERwCGYBOgADgAAEAhgAAEBZIAAECMwAAIAkoAAICXYAAIA3AAAECMoAAAg==,FhLzCaQUQAYYAAACHoAAAAZgAAEDcgAAECWwEEwDwwEEwAyAEEwCHQBJACOwEVwBkQBOkBxABRUAqwBRQCH4AAAACwAAAACwAAECVgAAEAoIAAEAqoAAAAhwAAEAxQAAAAD4AAAAVYAAACHYBOgAhIAAECIYAAIAbQATgCJIERwCGYBOgADgAAEAhgAAEBZIAAECMwAAIAkoAAICXYAAIA3AAAECMoAAAg==,FhE80gmgL8AAEOgAADJAAJt4AAksyCAeDIIAY0ggENwkIRzIqAx8JsjhQoKFTCghDwAAAEAAAAQAAJKkAAhPQACFSAAAQkAAhhwAAAcAAAKgAAEOAmwEFAAJEAABA1QHIRGIiBDAJsAGQACEIAAIsUAAkYwAEEiAARLgABBtAACRiAABAA==,FhgAAAAGntBG2AAAB5E80gogAwwAAAEPQAAAAzAAAIG5AAAIEtgIJgHhgIJgBkAIJgEOgCSAEdgIrgDIgCdIDiACioBVgCigEPwAAAAFgAAAAFgAAIErAAAIBQQAAIBVQAAABDgAAIBigAAAAHwAAAAqwAAAEOwCdABCQAAIEQwAAQA2gAnAESQIjgEMwCdAAHAAAIBDAAAICyQAAIEZgAAQBJQAAQEuwAAQBuAAAIEZQAABAA==
Descriptor_Deck_Division_NL_CLKA_multi,CLKA,NATO,35,Descriptor_Deck_NL_CLKA_multi,YTMZHIDDFK,FhLzAaMUYEUgFEUC1oAAAESYAAAC0IAAACtIIqAEUIEz0E3AAAECxAAAEChgAAECw4AAEERYAAEA3oAAACjoFEYAHQAAEAGIAAACjIFEUFxIFEQDGgFrgCbAAAADQYAAAC2IAAEDEIFEUDFQFEUF0IFEQEU4FEUDDIGf8EUYFEQC2AAAACcYFrwCkYFrwC1AAAEFvwAAEBQYAAEA4AAAACiQAAAg,FhLzCaMUYEUgFEUC1oAAAESYAAAC0IAAACtIIqAEUIEz0E3AAAECxAAAEChgAAECw4AAEERYAAEA3oAAACjoFEYAHQAAEAGIAAACjIFEUFxIFEQDGgFrgCbAAAADQYAAAC2IAAEDEIFEUDFQFEUF0IFEQEU4FEUDDIGf8EUYFEQC2AAAACcYFrwCkYFrwC1AAAEFvwAAEBQYAAEA4AAAACiQAAAg,FhJmRoxNkUJQ5LUAABEgAACzwAAKyopRE8TMU2oABLCgAEoQAASwgABREAAEN0AACjRQ6AbgAEBcAACipQ5XClDgxiWqCagAAM/gAAtcAATDxQ5MRlDlc8UOEUhQ5MLGfNFAUOC1oAAJvlqwpAWrC0gABW9gAEUAAAQ3gAAKHgAAgA==,FhgAAAAGntBG2AAAB5JmRoxRgRSAURQLWgAAARJgAAALQgAAAK0gioARQgTPQTcAAAQLEAAAQKGAAAQLDgAAQRFgAAQDegAAAKOgURgAdAAAQAYgAAAKMgURQXEgURAMaAWuAJsAAAANBgAAALYgAAQMQgURQMVAURQXQgURARTgURQMMgZ/wRRgURALYAAAAJxgWvAKRgWvALUAAAQW/AAAQFBgAAQDgAAAAKJAAACA
Descriptor_Deck_Division_ESP_Division_Brunete_multi,DIVISION ACORAZADA 'BRUNETE',NATO,36,Descriptor_Deck_ESP_Division_Brunete_multi,YRPYIWVCNW,FhLzAaQMYK3wAAQVvAAAgbXAABA2uAACBtUAAEDaoAAIG1gAAQNuAAAAriAAAA3sAAABvYAAADaYAAIK1QNnwVqgbPgrYA3xBWyBvmCtQDfMDbYG+gG0QAAANogAAAbSAABBXOBuyCucDdkDggAAIK4AAAQOsgAAgbuBXTBK6AACB68FdMDgYAAIHagAAQO4AAAgv3AABA7WAACB1sAAEDbgAAAg,FhLzCaQMYK3wAAQVvAAAgbXAABA2uAACBtUAAEDaoAAIG1gAAQNuAAAAriAAAA3sAAABvYAAADaYAAIK1QNnwVqgbPgrYA3xBWyBvmCtQDfMDbYG+gG0QAAANogAAAbSAABBXOBuyCucDdkDggAAIK4AAAQOsgAAgbuBXTBK6AACB68FdMDgYAAIHagAAQO4AAAgv3AABA7WAACB1sAAEDbgAAAg,FhJnJpAtq2wAFW0AAm1AAE2oAAm0gAE2kAAm0wAE2yAAK3gAA3mAAG8wAA2eAAq0jZlWkbMq0zetWob2q0Te02wb3GzQAA2aAAGzgAFXEboq4jdE4CAAq3QAE6sAAm61clK0AAnq1ck4AAAnZwAE7YAAr9AAE7QAAnVwAE2yAACA,FhgAAAAGntBG2AAAB5JnJpAxgrfAABBW8AACBtcAAEDa4AAIG1QAAQNqgAAgbWAABA24AAACuIAAADewAAAG9gAAANpgAAgrVA2fBWqBs+CtgDfEFbIG+YK1AN8wNtgb6AbRAAAA2iAAABtIAAEFc4G7IK5wN2QOCAAAgrgAABA6yAACBu4FdMEroAAIHrwV0wOBgAAgdqAABA7gAACC/cAAEDtYAAIHWwAAQNuAAACA
Descriptor_Deck_Division_FR_Division_du_Rhin_multi,DIVISION DU RHIN,NATO,36,Descriptor_Deck_FR_Division_du_Rhin_multi,RXULWQICMT,FhLzAaQUUEowAAEEo4AAEErIAAEBPIAAEBPIAAAEp4AAEAt4LjgDHYJTgEqAAAAEqYAAACjgGaQCjgGaQFFoBJAC1YAAEBQYAAEF0oAAEF0gAAIFAgAAEF0QAAEBSAAAEEpgAAECbQAAACHoAAADNQAAEApwA7kEKACZEEJ4B9gFMQBJECDwBQ0DF4BJEDDYBJACeYAAAFFgAAABfoCZABfgB9wCeYAAAg==,FhLzCaQUUEowAAEEo4AAEErIAAEBPIAAEBPIAAAEp4AAEAt4LjgDHYJTgEqAAAAEqYAAACjgGaQCjgGaQFFoBJAC1YAAEBQYAAEF0oAAEF0gAAIFAgAAEF0QAAEBSAAAEEpgAAECbQAAACHoAAADNQAAEApwA7kEKACZEEJ4B9gFMQBJECDwBQ0DF4BJEDDYBJACeYAAAFFgAAABfoCZABfgB9wCeYAAAg==,FhHuGkE1ShgAFKIAAUqwABE7AAETsAAEpgABC1riwxwlLEpoAASnAAAoyZmCjJmYUVBIQtMAARQAABXRAAFdCAAlAAABXPgAEUaAAUpIABJrgAAh0AADM4ABClg61CaJDUJgfMUvhIUg2E/TFgSFMMBIQngAAFFIAAF9CQwXyH0CeAAAIA==,FhgAAAAGntBG2AAAB5HuGkFFBKMAABBKOAABBKyAABATyAABATyAAABKeAABALeC44Ax2CU4BKgAAABKmAAAAo4BmkAo4BmkBRaASQAtWAABAUGAABBdKAABBdIAACBQIAABBdEAABAUgAABBKYAABAm0AAAAh6AAAAzUAABAKcAO5BCgAmRBCeAfYBTEASRAg8AUNAxeASRAw2ASQAnmAAABRYAAAAX6AmQAX4AfcAnmAAAIA==
Descriptor_Deck_Division_ESP_Division_Guzman_multi,DIVISIÓN DE INF. MECA. 'GUZMÁN EL BUENO',NATO,35,Descriptor_Deck_ESP_Division_Guzman_multi,SBLGBPYCPB,FhLzAaMUQDaIAAAGIoAAAGIoAAEDcwAAEDcwAAEGHgG60GIYG6kGIYG6kGIYG6kGIYG6kGIQG6kFbIGzwDbYG5QFbYG+ADc4AAEFdAGzwGIAAAEFcgAAEFcgAAEFcgAAADbgAAAFboAAADggAAEFc4G7IFeYM70DrIAAEE+QK6QE/AAAAGHQK6UDuQAAEGcYAAEGjAAAEDuIAAEGeIAAAGJAAAAg,FhLzCaMUQDaIAAAGIoAAAGIoAAEDcwAAEDcwAAEGHgG60GIYG6kGIYG6kGIYG6kGIYG6kGIQG6kFbIGzwDbYG5QFbYG+ADc4AAEFdAGzwGIAAAEFcgAAEFcgAAEFcgAAADbgAAAFboAAADggAAEFc4G7IFeYM70DrIAAEE+QK6QE/AAAAGHQK6UDuQAAEGcYAAEGjAAAEDuIAAEGeIAAAGJAAAAg,FhJy5oxNDZoAAYhAABiEAATcYABNxgAFhwbnWIBuZYgG5liAbmWIBuZYfm5lWobMDbBuIVsG9Q3IAAVcZswYegAFXAAAVcAABVwAAA2yAAFbIAAOAgAFXEbold7OxOrAAFPcrkE+gAAYbq5E7cAAWcAABZ7gAE7aAAWdwAAYiAAAgA==,FhgAAAAGntBG2AAAB5Jy5oxRANogAAAYigAAAYigAAQNzAAAQNzAAAQYeAbrQYhgbqQYhgbqQYhgbqQYhgbqQYhAbqQVsgbPANtgblAVtgb4ANzgAAQV0AbPAYgAAAQVyAAAQVyAAAQVyAAAANuAAAAVugAAAOCAAAQVzgbsgV5gzvQOsgAAQT5ArpAT8AAAAYdArpQO5AAAQZxgAAQaMAAAQO4gAAQZ4gAAAYkAAACA
Descriptor_Deck_Division_BEL_Division_Mobilisation_multi,DIVMOB,NATO,35,Descriptor_Deck_BEL_Division_Mobilisation_multi,RDLOBTRYXO,FhLzAaMUUE0wAAABhAAAIFv4GeQDHQFeEFwgGeUFvoHFADCQJZwDCQJZ4FwYGeYFwYGeQClYE3QCdAFeEF0wIPACbgAAAEswAAAEswAAAFvgGfECuQAAECbIAAADPAAAADPAAAADTgAAAC2YAAAC2YAAAC2QAAEEsgAAABOoAAECjYGfECjYGfEFxQAAAETIFeEDVgAAEDVgAAEEBwAAEDUoAAAg,FhLzCaMUUE0wAAABhAAAIFv4GeQDHQFeEFwgGeUFvoHFADCQJZwDCQJZ4FwYGeYFwYGeQClYE3QCdAFeEF0wIPACbgAAAEswAAAEswAAAFvgGfECuQAAECbIAAADPAAAADPAAAADTgAAAC2YAAAC2YAAAC2QAAEEsgAAABOoAAECjYGfECjYGfEFxQAAAETIFeEDVgAAEDVgAAEEBwAAEDUoAAAg,FhJlxoxNU0AAAGCgAJb4Z1DG5XRXAmdVb0cRDB6WQMHpZJcAZ1lwBnUKUE2gnGV0V0aDgJsgABLGAAEsYAAW8GeUreAASawAAM6AAAzoAADTIAALYAAAtgAAC14ABSwgAATiAASjBnlKMGeVcMAAESpXRNUgAE1SAAUBYABNRAAAgA==,FhgAAAAGntBG2AAAB5JlxoxRQTTAAAAGEAAAgW/gZ5AMdAV4QXCAZ5QW+gcUAMJAlnAMJAlngXBgZ5gXBgZ5AKVgTdAJ0AV4QXTAg8AJuAAAASzAAAASzAAAAW+AZ8QK5AAAQJsgAAAM8AAAAM8AAAANOAAAALZgAAALZgAAALZAAAQSyAAAAE6gAAQKNgZ8QKNgZ8QXFAAAARMgV4QNWAAAQNWAAAQQHAAAQNSgAACA
Descriptor_Deck_Division_UK_London_HDR_multi,H.D.R. LONDON,NATO,36,Descriptor_Deck_UK_London_HDR_multi,TJFOATBNKZ,FhLzAaQUUFsQER0FsQER0FsYER0FsYER0GdAEV0GdIEVwCOwER0FsILXcFs4LWkGcwEV0GcwEVwFpAAAEFpIAAEFpQAAEFqAAAECKIAAEAfwAAEGdoAAECLoEV0GcoLWUFqIAAECLAEV0FpgER0CVQER0CMQAAECMoAAEDRQAAABtwAAAGb4AAAFrgAAEFsAAAEFrwAAIFr4AAEFpYM4EEKgAAEAw4AAAg==,FhLzCaQUUFsQER0FsQER0FsYER0FsYER0GdAEV0GdIEVwCOwER0FsILXcFs4LWkGcwEV0GcwEVwFpAAAEFpIAAEFpQAAEFqAAAECKIAAEAfwAAEGdoAAECLoEV0GcoLWUFqIAAECLAEV0FpgER0CVQER0CMQAAECMoAAEDRQAAABtwAAAGb4AAAFrgAAEFsAAAEFrwAAIFr4AAEFpYM4EEKgAAEAw4AAAg==,FhJxBpBNVr5ERWvkRFbAREVsBERZyEVFnKRUCOZERWvLWtbGtXWcZFRZxkVBaIAAVowABWjgAFaaAASJwABB9gAFnUAASLRFRZxLVlacAASKpFRWkkRElMRESL4ABIxAAE0OAABtYAAZuAABayAAVroABWtgAJa4AAVpDN1QogAEMGAACA==,FhgAAAAGntBG2AAAB5JxBpBRQWxARHQWxARHQWxgRHQWxgRHQZ0ARXQZ0gRXAI7ARHQWwgtdwWzgtaQZzARXQZzARXAWkAAAQWkgAAQWlAAAQWoAAAQIogAAQB/AAAQZ2gAAQIugRXQZygtZQWogAAQIsARXQWmARHQJVARHQIxAAAQIygAAQNFAAAAG3AAAAZvgAAAWuAAAQWwAAAQWvAAAgWvgAAQWlgzgQQqAAAQDDgAACA==
Descriptor_Deck_Division_DK_Jyske_multi,JYSKE DIVISION,NATO,36,Descriptor_Deck_DK_Jyske_multi,GURYHOMCRY,FhLzAaQUUGZgAAEGSwAAAGRAAAAGVgAAEGTwAAEGTgAAEGRQAAEGTYAAAGUQAAAGTIAAEGbYAAIGWYMl0GWIMowIWwMl0GZQAAEGRoMxQGRoMxUGRgMxUGWgMl0GZAAAEIXoAAEIX4AAEIYYAAEIW4AAAGSYMxQGSYMxQGVAAAMGWQMl0GXoMoUGXoMoUGXoMoYGaoMiQGQQMl0GWAMiUIkwMiUGSAMlwg==,FhLzCaQUUGZgAAEGSwAAAGRAAAAGVgAAEGTwAAEGTgAAEGRQAAEGTYAAAGUQAAAGTIAAEGbYAAIGWYMl0GWIMowIWwMl0GZQAAEGRoMxQGRoMxUGRgMxUGWgMl0GZAAAEIXoAAEIX4AAEIYYAAEIW4AAAGSYMxQGSYMxQGVAAAMGWQMl0GXoMoUGXoMoUGXoMoYGaoMiQGQQMl0GWAMiUIkwMiUGSAMlwg==,FhJzRpBNWZAABZJgABkGAAGVAABZMgAFkuAAWQ4ABZLAABk+AAGSoABZrAAJlgyUWVzKAhPslFmKAAWRTMIZFMwlkSzCWWLJRZiAAGF0AAYXgABhfAAGFAAAGSDMIZIMwhlGAA2V7JRZcsnllyyeWXLJ6ZpMhBj+yUWVrIRiIshFkayUCA==,FhgAAAAGntBG2AAAB5JzRpBRQZmAAAQZLAAAAZEAAAAZWAAAQZPAAAQZOAAAQZFAAAQZNgAAAZRAAAAZMgAAQZtgAAgZZgyXQZYgyjAhbAyXQZlAAAQZGgzFAZGgzFQZGAzFQZaAyXQZkAAAQhegAAQhfgAAQhhgAAQhbgAAAZJgzFAZJgzFAZUAAAwZZAyXQZegyhQZegyhQZegyhgZqgyJAZBAyXQZYAyJQiTAyJQZIAyXCA==
Descriptor_Deck_Division_UK_5th_Airborne_Brigade_multi,MNAD,NATO,36,Descriptor_Deck_UK_5th_Airborne_Brigade_multi,DXKFNWMLIP,FhLzAaQUUERYAAEBMwAAEDVQAAEDYIAAICu4AAIDAwIO4DAwIO4DA4IPIDCAGLEDGwISUDG4FeMDhwAAEDUQAAEBQAAAECOYAAEDiIAAECoQAAECMoAAEETIFeEDh4AAECOIAAADyQGLIBg4AAADFoAAEETYAAEAq4GLEAq4GLEC5gFEUETwB9oDEYEV0BfwB90ET4IO0Bt4GLIDUwAAECngAAEE6wEVwg==,FhLzCaQUUERYAAEBMwAAEDVQAAEDYIAAICu4AAIDAwIO4DAwIO4DA4IPIDCAGLEDGwISUDG4FeMDhwAAEDUQAAEBQAAAECOYAAEDiIAAECoQAAECMoAAEETIFeEDh4AAECOIAAADyQGLIBg4AAADFoAAEETYAAEAq4GLEAq4GLEC5gFEUETwB9oDEYEV0BfwB90ET4IO0Bt4GLIDUwAAECngAAEE6wEVwg==,FhHtGkE1REAAESKAATUwABNfAAIrmAAjAaDeMBoN4wIg4jBpilMZoRkxoV0zhYABNPgAET6AASOAABOGgAEp6AASMQABRKldE4YAASNwAAPHmKYYIAADFQABRLgAEKoYpQqhilLklDlE2HzjEBFRF9h9FE4g3RthimNRgAEpwAAU6ZFQIA==,FhgAAAAGntBG2AAAB5HtGkFFBEWAABATMAABA1UAABA2CAACAruAACAwMCDuAwMCDuAwOCDyAwgBixAxsCElAxuBXjA4cAABA1EAABAUAAABAjmAABA4iAABAqEAABAjKAABBEyBXhA4eAABAjiAAAA8kBiyAYOAAAAxaAABBE2AABAKuBixAKuBixAuYBRFBE8AfaAxGBFdAX8AfdBE+CDtAbeBiyA1MAABAp4AABBOsBFcIA==
Descriptor_Deck_Division_RFA_TerrKdo_Sud_multi,TERRITORIALKOMMANDO SÜD,NATO,37,Descriptor_Deck_RFA_TerrKdo_Sud_multi,DEHWUWMIWE,FhLzAaUUUDcYAAABNQAAABNQAAAAXAAAEBA4B9wAtYB9kApwB+EEKAIS0BOgB9kBf4B90BkQJSkBwwBPUBw4BPQAWoAAAAWoAAABlwDCQADIAAAADIAAEBtgAAABGgAAABPIAAABPIAAAEpYBPYByoB9kAqQAAEBx4AAEAuQB90CTAAAABHoAAABo4DCUAioAAEByAAAEAkwAAEBAIAAEBAAAAEBZ4AAEBw4BPQg,FhLzCaUUUDcYAAABNQAAABNQAAAAXAAAEBA4B9wAtYB9kApwB+EEKAIS0BOgB9kBf4B90BkQJSkBwwBPUBw4BPQAWoAAAAWoAAABlwDCQADIAAAADIAAEBtgAAABGgAAABPIAAABPIAAAEpYBPYByoB9kAqQAAEBx4AAEAuQB90CTAAAABHoAAABo4DCUAioAAEByAAAEAkwAAEBAIAAEBAAAAEBZ4AAEBw4BPQg,FhF4aUTU24AABMwAAEzAAAFgAARAgfQC0B80KWH1UJqEhE4B80X4H0Rj6UdHBhOkcIE6AVwAABXAAAZWMGACQAAAJAAEbSAABGIAAE7AAATsAAEpATqHJB80KeAARxgABC3h9EkqAABHQAAGiDBkIkAARxoABCRgAEP6AAQ/gABFmAAEcIE6CA==,FhgAAAAGntBG2AAAB5F4aUUUDcYAAABNQAAABNQAAAAXAAAEBA4B9wAtYB9kApwB+EEKAIS0BOgB9kBf4B90BkQJSkBwwBPUBw4BPQAWoAAAAWoAAABlwDCQADIAAAADIAAEBtgAAABGgAAABPIAAABPIAAAEpYBPYByoB9kAqQAAEBx4AAEAuQB90CTAAAABHoAAABo4DCUAioAAEByAAAEAkwAAEBAIAAEBAAAAEBZ4AAEBw4BPQg=
Descriptor_Deck_Division_DK_Ostre_Landkommando_multi,ØSTRE LANDKOMMANDO,NATO,37,Descriptor_Deck_DK_Ostre_Landkommando_multi,BUMNBOTIBN,FhLzAaUUUGbAMiQGW4MiUGXAMiUGXgMoUGXoMoUGXoMoUGWAMiQGQQMl8GaQM9kGVAAAAGT4AAEGbgAAEGagAAEGboAAEGboAAAGUQAAEGWIMo4GZoMl0GbYAAEIS4AAEGWgMl0GWoMl0GQ4AAEGRoMxUIRgAAEIXgAAEGYYAAEGQIAAEGYQAAEGZgAAAGRAAAAGVgAAAGVgAAAGZYAAAGSoMxQGSgMxUGRoMxQg,FhLzCaUUUGbAMiQGW4MiUGXAMiUGXgMoUGXoMoUGXoMoUGWAMiQGQQMl8GaQM9kGVAAAAGT4AAEGbgAAEGagAAEGboAAEGboAAAGUQAAEGWIMo4GZoMl0GbYAAEIS4AAEGWgMl0GWoMl0GQ4AAEGRoMxUIRgAAEIXgAAEGYYAAEGQIAAEGYQAAEGZgAAAGRAAAAGVgAAAGVgAAAGZYAAAGSoMxQGSgMxUGRoMxQg,FhJzZpRNWarIQZaMhFlqyEWXDJ5ZcsnllyyeWVrIQY/slNmazxWUYAAZNgAFmuAAWZ4ABZsAAFmwAAGT4ABZXMoJmUyUWawABhKAAFliyUWWTJRZBAAFkUzCX6YABhcgAFl+AAWPwABZfAAFmQAAGQYAAZUAABlQAAGYwAAZJMwhkizCWRTMIIA=,FhgAAAAGntBG2AAAB5JzZpRRQZsAyJAZbgyJQZcAyJQZeAyhQZegyhQZegyhQZYAyJAZBAyXwZpAz2QZUAAAAZPgAAQZuAAAQZqAAAQZugAAQZugAAAZRAAAQZYgyjgZmgyXQZtgAAQhLgAAQZaAyXQZagyXQZDgAAQZGgzFQhGAAAQheAAAQZhgAAQZAgAAQZhAAAQZmAAAAZEAAAAZWAAAAZWAAAAZlgAAAZKgzFAZKAzFQZGgzFCA
Descriptor_Deck_Division_SOV_1_Gds_Rifle_multi,1-YA GV. MOTOSTRELK. DIV.,PACT,36,Descriptor_Deck_SOV_1_Gds_Rifle_multi,LSBHESYHAT,FhLzEaQUQDZYAAAANQAAAANQAAEFWYOrQDDQOrUDDQOrUA0wAYEEBgAYEBfQBokBrwBpUALYAAAAVQAAEFtQAAEFPIAAEFPIAAEFPIAAEHUoAAEHUgAAEF+oAAEAcwBrkAtwIhUHVYAAAFYYBrkAVIAAEAKwAAEAK4AAEBAoAAEE4wAAEE4wAAEE44AAEHVAAAEBygAAEEvwAAEF1YAAIHVQAAEEHQAAAg==,FhLzGaQUQDZYAAAANQAAAANQAAEFWYOrQDDQOrUDDQOrUA0wAYEEBgAYEBfQBokBrwBpUALYAAAAVQAAEFtQAAEFPIAAEFPIAAEFPIAAEHUoAAEHUgAAEF+oAAEAcwBrkAtwIhUHVYAAAFYYBrkAVIAAEAKwAAEAK4AAEBAoAAEE4wAAEE4wAAEE44AAEHVAAAEBygAAEEvwAAEF1YAAIHVQAAEEHQAAAg==,FhJ0hpBNDZAAAAzAAADMAAVWDqoMLuqkwu6qQ0YF1QEgXUXuGfRrYaJAsAAAFOAAVs4ABU6gAFTqAAVOoABdRAAF1CAAV+IABBxBq0LUiCXVAAAVgBq0FMAAQKYABAqAAEQEAAU4YABThgAFOIAAXUYABHIgAFL2AAV1AACdSgAFBsAACA==,FhgAAAAGntBG2AAAB5J0hpBRANlgAAAA1AAAAA1AAAQVZg6tAMNA6tQMNA6tQDTABgQQGABgQF9AGiQGvAGlQAtgAAABVAAAQW1AAAQU8gAAQU8gAAQU8gAAQdSgAAQdSAAAQX6gAAQBzAGuQC3AiFQdVgAAAVhgGuQBUgAAQArAAAQArgAAQECgAAQTjAAAQTjAAAQTjgAAQdUAAAQHKAAAQS/AAAQXVgAAgdVAAAQQdAAACA==
Descriptor_Deck_Division_TCH_1_Tank_multi,1. TANKOVA DIVIZE,PACT,34,Descriptor_Deck_TCH_1_Tank_multi,PLLMVQMOND,FhLzEaIUUCfIAAAFM4AAAFM4AAADMoAAEFMwE/kFMwE/kEzoE+0EzoE+wFCwF6wCcQGdgCioAAAEq4AAEDMYAAEDMYAAEDMYAAEDLwAAIDMIAAIDMIAAEFywAAEFBoAAACfgAAEFDAKxoFDoGdoECoAAAECoAAAC2gAAEDsAAAEFLwAAIFlAAAEDvQAAEFkwAAIFyoAAADpgAAAE7gGdgg==,FhLzGaIUUCfIAAAFM4AAAFM4AAADMoAAEFMwE/kFMwE/kEzoE+0EzoE+wFCwF6wCcQGdgCioAAAEq4AAEDMYAAEDMYAAEDMYAAEDLwAAIDMIAAIDMIAAEFywAAEFBoAAACfgAAEFDAKxoFDoGdoECoAAAECoAAAC2gAAEDsAAAEFLwAAIFlAAAEDvQAAEFkwAAIFyoAAADpgAAAE7gGdgg==,FhJnpohNSewAAUyAABTIAADMQABUxk+1TGT7UzRPhTNE+BQmXoCbxnMKIgABKmAATL4ABMvgAEy+AATLYACMugAIy6AAVyQABUAgAAnyAAVCqsOUNGc5AgAAECAAALYgAE66AAVLYACWSgAE7uAAVkYACXIgAA6SAAE7JnMI,FhgAAAAGntBG2AAAB5JnpohRQJ8gAAAUzgAAAUzgAAAMygAAQUzAT+QUzAT+QTOgT7QTOgT7AULAXrAJxAZ2AKKgAAASrgAAQMxgAAQMxgAAQMxgAAQMvAAAgMwgAAgMwgAAQXLAAAQUGgAAAJ+AAAQUMArGgUOgZ2gQKgAAAQKgAAALaAAAQOwAAAQUvAAAgWUAAAQO9AAAQWTAAAgXKgAAAOmAAAATuAZ2CA==
Descriptor_Deck_Division_SOV_119IndTkBrig_multi,119-Y OTD. TANK. POLK,PACT,35,Descriptor_Deck_SOV_119IndTkBrig_multi,SKNOKFFZJC,FhLzEaMUQAcYAX0A8gAAEAPYAAEAO4AAEA1IAAAAKgAAAAKgAAEAKgAAACC4AAIAcgDTAAzwAAEBtAAAEBDIAAEBDIAAADyAB8QCt4HpgALYAAAAcABrgAKwAAAALAAAAAbwBosA04DTIAc4DTICSwBrgCC4AAAA1gAAAAMQAAABnQBpUAzgAAAA0gAAAA0gAAAA9oAAEBMoAAEBMoAAEEFQAAAg,FhLzGaMUQAcYAX0A8gAAEAPYAAEAO4AAEA1IAAAAKgAAAAKgAAEAKgAAACC4AAIAcgDTAAzwAAEBtAAAEBDIAAEBDIAAADyAB8QCt4HpgALYAAAAcABrgAKwAAAALAAAAAbwBosA04DTIAc4DTICSwBrgCC4AAAA1gAAAAMQAAABnQBpUAzgAAAA0gAAAA0gAAAA9oAAEBMoAAEBMoAAEEFQAAAg,FhIwzRiaA4ALiHdAAIHQAAgcwACGmAAAFEAAAUQACBRAABBQABA4RpIGbAAI2QAAiFgACIWAAB40PcFbD0YBYAAAN0NWAUwAABVAAANsM/hpBpMDjGkxJMNWEFAAAGpAAAF8AADNw0SGZAAAaEAABoQAAHqAAIkQAAiRAACgmAABAA==,FhgAAAAGntBG2AAAB5IwzRiiADjAC+gHkAAAgB7AAAgB3AAAgGpAAAABUAAAABUAAAgBUAAAAQXAABADkAaYAGeAAAgNoAAAgIZAAAgIZAAAAeQAPiAVvA9MABbAAAADgANcABWAAAABYAAAADeANFgGnAaZADnAaZASWANcAQXAAAAGsAAAABiAAAAM6ANKgGcAAAAGkAAAAGkAAAAHtAAAgJlAAAgJlAAAggqAAAEA
Descriptor_Deck_Division_POL_15_Zmechanizowana_multi,15 DYW. ZMECHANIZOWANA,PACT,38,Descriptor_Deck_POL_15_Zmechanizowana_multi,DBRYSLKAFC,FhLzEaYUUDNgAAEC+4AAACvoAAADgwAAEIXAA1ICh4GmUITAA1EC8gE+kC8YE+kIXIMZkEXwMZgF/oMZgBfIB+wCewAAACtwFegC7IGRgBHwAAADJ4AAIDKQAAEF/gAAEF/gAAAAjYAAAEGgAAMChwIrYEu4FXwF/YF/AAaoAAADQgAAEC3oF9EBjYAAEGLAAAEAQwAAED5wAAEGLIAAED54AAED5YAAEIuoAAEGLgAAAg==,FhLzGaYUUDNgAAEC+4AAACvoAAADgwAAEIXAA1ICh4GmUITAA1EC8gE+kC8YE+kIXIMZkEXwMZgF/oMZgBfIB+wCewAAACtwFegC7IGRgBHwAAADJ4AAIDKQAAEF/gAAEF/gAAAAjYAAAEGgAAMChwIrYEu4FXwF/YF/AAaoAAADQgAAEC3oF9EBjYAAEGLAAAEAQwAAED5wAAEGLIAAED54AAED5YAAEIuoAAEGLgAAAg==,FhJyhphNTNIABL6AAAr0AADgQABhag0YoYaVYSoNFLwk90vAT3YWzGFRdsYRfwxhBewfcJ5gAArWV3C6xkMEdgAAyYAAjJ4ABX7gAFfuAAAjAAAQYgAMoUiqkuhVwX7F+QGkAADQAABLdF8UYwAAWKoABA7gAE+WAAWKwABPmAAE+QAAYuQABYsAAAg=,FhgAAAAGntBG2AAAB5JyhphRQM2AAAQL7gAAAK+gAAAODAAAQhcADUgKHgaZQhMADUQLyAT6QLxgT6QhcgxmQRfAxmAX+gxmAF8gH7AJ7AAAAK3AV6ALsgZGAEfAAAAMngAAgMpAAAQX+AAAQX+AAAACNgAAAQaAAAwKHAitgS7gVfAX9gX8ABqgAAANCAAAQLegX0QGNgAAQYsAAAQBDAAAQPnAAAQYsgAAQPngAAQPlgAAQi6gAAQYuAAACA==
Descriptor_Deck_Division_SOV_157_Rifle_multi,157-YA MOTOSTRELK. DIV.,PACT,35,Descriptor_Deck_SOV_157_Rifle_multi,MSNGLCZFKZ,FhLzEaMMQAagAAAA1AAAAV+AAABFkAACCrMFT4DDQKnwKuwPTAVpgGugL3ANdANMAF+AOMFocAcIBogLQgPTAVcgV7AqbAAABU6AACB4QAAEDuYAAIKrgAAQVbgAAgGsAABBU4BXuAOYFUsFXoKpYBoAAAAVDgAAArDANdBG6AACCqcCvYEPgAAIJcQAAQVGAAAgHoAABBOkAACAIkAAAQA=,FhLzGaMMQAagAAAA1AAAAV+AAABFkAACCrMFT4DDQKnwKuwPTAVpgGugL3ANdANMAF+AOMFocAcIBogLQgPTAVcgV7AqbAAABU6AACB4QAAEDuYAAIKrgAAQVbgAAgGsAABBU4BXuAOYFUsFXoKpYBoAAAAVDgAAArDANdBG6AACCqcCvYEPgAAIJcQAAQVGAAAgHoAABBOkAACAIkAAAQA=,FhJoJowtAZgAADMAAFewABFeAAqsFTgwuqcKtz0ZWgGri9A1cNGBcg4FoEG8GfLPz0ZVsV4KmAABU0AAngQAE7gAAqqwAFVoAAhqQAFUyV4g4lUNVyqhhnQABUCAAKwA1dG0AAqoivBDyAApbgAFUSAAh5QAFOeAAgfQAAQ=,FhgAAAAGntBG2AAAB5JoJowxABqAAAADUAAABX4AAAEWQAAIKswVPgMNAqfAq7A9MBWmAa6AvcA10A0wAX4A4wWhwBwgGiAtCA9MBVyBXsCpsAAAFToAAIHhAAAQO5gAAgquAABBVuAACAawAAEFTgFe4A5gVSwVegqlgGgAAABUOAAACsMA10EboAAIKpwK9gQ+AAAglxAABBUYAACAegAAEE6QAAIAiQAABA==
Descriptor_Deck_Division_SOV_17_Gds_Tank_multi,17-YA GV. TANK. DIV.,PACT,35,Descriptor_Deck_SOV_17_Gds_Tank_multi,ABVQQMXMNT,FhLzEaMUUEWIAAEEWIAAAEQIAAEDKwAAEDKwAAEDKwAAEDKwAAAEPoAAEFngAAEAtwBm4FzoB6wFUQAAEBjQAAEFYYBrkFnQAAEAz4AAEBAgAAEBAYAAEFzwAAED9IAAEF14AAEFWYHpgDDQHpgFXYHpkFnwB8UFn4I0UFnoB6wDZYAAACvwAAAEWQAAEBrwBpUFm4BpQDoIAAAFmoAAEEvwAAAg,FhLzGaMUUEWIAAEEWIAAAEQIAAEDKwAAEDKwAAEDKwAAEDKwAAAEPoAAEFngAAEAtwBm4FzoB6wFUQAAEBjQAAEFYYBrkFnQAAEAz4AAEBAgAAEBAYAAEFzwAAED9IAAEF14AAEFWYHpgDDQHpgFXYHpkFnwB8UFn4I0UFnoB6wDZYAAACvwAAAEWQAAEBrwBpUFm4BpQDoIAAAFmoAAEEvwAAAg,FhJnRoxNUVwABRXAABD8AATKYABMpgAEymAATKYAAQ9AAFZwAAQtQZiXNB6BU+AARi4ABVgBq1ZuAAQzgABEAgAEQAAAVzYABPzAAFdWAAVWB6MMLnoxVuejVnQe5WeIzlZyHoDZAAAK9gABFeAARrYaJWaBog58AAFmQABS9gAAgA==,FhgAAAAGntBG2AAAB5JnRoxRQRYgAAQRYgAAARAgAAQMrAAAQMrAAAQMrAAAQMrAAAAQ+gAAQWeAAAQC3AGbgXOgHrAVRAAAQGNAAAQVhgGuQWdAAAQDPgAAQECAAAQEBgAAQXPAAAQP0gAAQXXgAAQVZgemAMNAemAVdgemQWfAHxQWfgjRQWegHrANlgAAAK/AAAARZAAAQGvAGlQWbgGlAOggAAAWagAAQS/AAACA
Descriptor_Deck_Division_TCH_19_MSD_multi,19. MOTOSTRELECKA DIVIZE,PACT,34,Descriptor_Deck_TCH_19_MSD_multi,QLUYYLPOHX,FhLzEaIUUFMwE/kFMwE/gEzoE+0EzwGEUFCgF9sFEQHaYEz4HaYFYgHZUCfIAAIC+AAAADMoAAAFM4AAEDLAAAEDLQAAEDLQAAACY4AAIFY4HZUC2gAAEFOAAAEFOAAAIDJAAAIDJAAAECgIAAACfgAAIFDwGdoFDoGdgEIYAAEDvYAAEDwIAAEDwAAAIFLwAAEE6AGEQCioAAADDAAAAg==,FhLzGaIUUFMwE/kFMwE/gEzoE+0EzwGEUFCgF9sFEQHaYEz4HaYFYgHZUCfIAAIC+AAAADMoAAAFM4AAEDLAAAEDLQAAEDLQAAACY4AAIFY4HZUC2gAAEFOAAAEFOAAAIDJAAAIDJAAAECgIAAACfgAAIFDwGdoFDoGdgEIYAAEDvYAAEDwIAAEDwAAAIFLwAAEE6AGEQCioAAADDAAAAg==,FhJnhohNVMZPtUxk+xM0T4UzZg5UIl89Q+dmkzh2aVgnYUnsAAi9oAAMxAABTIAATKoABMrgAEyuAACYgACViHYUtiAAVNoABU2gAIyKAAjIoABJ/AAAnyAAlDZnOUNGcxCAAATvAABO/AAE76AAlLYABTmmDgoiAADCoAAI,FhgAAAAGntBG2AAAB5JnhohRQUzAT+QUzAT+ATOgT7QTPAYRQUKAX2wURAdpgTPgdpgViAdlQJ8gAAgL4AAAAMygAAAUzgAAQMsAAAQMtAAAQMtAAAAJjgAAgVjgdlQLaAAAQU4AAAQU4AAAgMkAAAgMkAAAQKAgAAAJ+AAAgUPAZ2gUOgZ2AQhgAAQO9gAAQPAgAAQPAAAAgUvAAAQToAYRAKKgAAAMMAAACA==
Descriptor_Deck_Division_SOV_2_Gds_Rifle_multi,2-YA GV. MOTOSTRELK. DIV.,PACT,36,Descriptor_Deck_SOV_2_Gds_Rifle_multi,PIQDJIXNDD,FhLzEaQMYH0QAAAA1AAAAtpAAAAPaAACC28AMkFtwAZILcwAyQW3gBggtyADBBbkAGCC7MAMkF2gAZILtQAyAGogGlABcAAAAFUAACAzoA0sEWIAAILsgAAQApAAAgBSAABBbWAACC2sAAEAb4AZIIAwD1gDQAAAgNoAABBdwAa6AKkAAEAKwAAIAVwAAQECAAAgmyAABBAwAACAIkAAEFvQAAAg,FhLzGaQMYH0QAAAA1AAAAtpAAAAPaAACC28AMkFtwAZILcwAyQW3gBggtyADBBbkAGCC7MAMkF2gAZILtQAyAGogGlABcAAAAFUAACAzoA0sEWIAAILsgAAQApAAAgBSAABBbWAACC2sAAEAb4AZIIAwD1gDQAAAgNoAABBdwAa6AKkAAEAKwAAIAVwAAQECAAAgmyAABBAwAACAIkAAEFvQAAAg,FhJw5pAtnzgAADMAALZQAAPUAArbAMNbWBhrcAMNbYBdrbwLtbeBdrsAMNdiBhrsgMIacGiAWQAAFOAAjNw0VFcAArrwAECeAAgTwAFbQAAraAAEG4BhoAA9AM6AAjZAAFdqGrgpgAECmAAgVAAEQCAAprwAFAkAAgfQAFbqAACA,FhgAAAAGntBG2AAAB5Jw5pAxgfRAAAADUAAAC2kAAAA9oAAILbwAyQW3ABkgtzADJBbeAGCC3IAMEFuQAYILswAyQXaABkgu1ADIAaiAaUAFwAAAAVQAAIDOgDSwRYgAAguyAABACkAACAFIAAEFtYAAILawAAQBvgBkggDAPWANAAACA2gAAEF3ABroAqQAAQArAAAgBXAABAQIAACCbIAAEEDAAAIAiQAAQW9AAACA
Descriptor_Deck_Division_TCH_2_MSD_multi,2. MOTOSTRELECKA DIVIZE,PACT,35,Descriptor_Deck_TCH_2_MSD_multi,QBZYHSMIUM,FhLzEaMUQGPQAAADM4AAEC/AAAIC+AAAAEzwF7EGPAF9kGPIF9kFDgF80FDgF80FDgF84FDYF80FMwE+4FCwF9gFEYGdkCioAAECioAAADpoGdgE7QAAEDJYAAEDJYAAEDJIAAEDLQAAAC/IAAAC/oAAEDs4AAIEzgGdkC2gAAACY4AAEEogAAIFlAAAEGP4MgIFlAAAEGfAAAEG0QAAEFloAAAg,FhLzGaMUQGPQAAADM4AAEC/AAAIC+AAAAEzwF7EGPAF9kGPIF9kFDgF80FDgF80FDgF84FDYF80FMwE+4FCwF9gFEYGdkCioAAECioAAADpoGdgE7QAAEDJYAAEDJYAAEDJIAAEDLQAAAC/IAAAC/oAAEDs4AAIEzgGdkC2gAAACY4AAEEogAAIFlAAAEGP4MgIFlAAAEGfAAAEG0QAAEFloAAAg,FhJzBoxNGO4AAMyAAEvqAAi9oAATNl6VjoXzWOpfNUMl8FQyXwVDJfCUMF8FTGT4lCZfMUQGc0oiAASiIAAOlGcxOuAATJAABMkAAEyMAATK4AAL7AAAv0AATsYACTMmc0tiAACYgABSgAAJZKAAWPLHqWSgAFnqAAWi4ABWVAAAgA==,FhgAAAAGntBG2AAAB5JzBoxRAY9AAAAMzgAAQL8AAAgL4AAAATPAXsQY8AX2QY8gX2QUOAXzQUOAXzQUOAXzgUNgXzQUzAT7gULAX2AURgZ2QKKgAAQKKgAAAOmgZ2ATtAAAQMlgAAQMlgAAQMkgAAQMtAAAAL8gAAAL+gAAQOzgAAgTOAZ2QLaAAAAJjgAAQSiAAAgWUAAAQY/gyAgWUAAAQZ8AAAQbRAAAQWWgAACA
Descriptor_Deck_Division_POL_20_Pancerna_multi,20 DYWIZJA PANCERNA,PACT,36,Descriptor_Deck_POL_20_Pancerna_multi,ONLIADMYGS,FhLzEaQUUEMQAAACpAAAACpAAAAELIAAECl4F9UC8QE+kC8gE+kC8gE+kCdQE+kCeAE+kCZQAAECZQAAACiYAAACegAAEDKAAAEDKQAAEDJ4AAEDK4AAEDL4AAEDLIAAEDLIAAEDLYAAECgQAAEEWgIrYDGQFX4Eu4FX0CgwAAEDSgAAEDQgAAEC5IAAECYwAAEDRgAAED3AAAIDXwAAID44AAED5YAAAg==,FhLzGaQUUEMQAAACpAAAACpAAAAELIAAECl4F9UC8QE+kC8gE+kC8gE+kCdQE+kCeAE+kCZQAAECZQAAACiYAAACegAAEDKAAAEDKQAAEDJ4AAEDK4AAEDL4AAEDLIAAEDLIAAEDLYAAECgQAAEEWgIrYDGQFX4Eu4FX0CgwAAEDSgAAEDQgAAEC5IAAECYwAAEDRgAAED3AAAIDXwAAID44AAED5YAAAg==,FhHvmkE1QvgAAqGAACoYAAQqgAEpWXyS75PdLwk90vCT3Sc5PdJ2k90mMAASYwAAKIAAAniAATJoABMngAEyYAATKgABMuAAEysAATKwABMsAAEn+AAUWKKqMXlXJLoVcSgQABNIgAE0AAAS4oABJhgAE0SAAT2oACNdgAI+IAAT5AAAIA==,FhgAAAAGntBG2AAAB5HvmkFFBDEAAAAqQAAAAqQAAABCyAABApeBfVAvEBPpAvIBPpAvIBPpAnUBPpAngBPpAmUAABAmUAAAAomAAAAnoAABAygAABAykAABAyeAABAyuAABAy+AABAyyAABAyyAABAy2AABAoEAABBFoCK2AxkBV+BLuBV9AoMAABA0oAABA0IAABAuSAABAmMAABA0YAABA9wAACA18AACA+OAABA+WAAAIA==
Descriptor_Deck_Division_RDA_20_MSD_multi,20. MOT.-SCHÜTZEN-DIVISION,PACT,37,Descriptor_Deck_RDA_20_MSD_multi,VJEYMXXXCX,FhLzEaUUUAdAAAAEQwAAAAa4AAAISwAAEEDQOrEAcYAYEAu4CJAIlQMZQDw4OrADw4OrEAvACcQIlIB+wBewB+wBDgAAABpwCOACg4AAABsACOEDKgAAEDKoAAEAkYAAAAjQAAEH7AQlYBCgIhAAtgCHQGcQAAAAawAAEAcABrkBjIAAEBj4AAEBj4AAEBTYAAEEOIAAEEvQAAEBIQAAIIRoAAAGJwCOAAjYAAAg,FhLzGaUUUAdAAAAEQwAAAAa4AAAISwAAEEDQOrEAcYAYEAu4CJAIlQMZQDw4OrADw4OrEAvACcQIlIB+wBewB+wBDgAAABpwCOACg4AAABsACOEDKgAAEDKoAAEAkYAAAAjQAAEH7AQlYBCgIhAAtgCHQGcQAAAAawAAEAcABrkBjIAAEBj4AAEBj4AAEBTYAAEEOIAAEEvQAAEBIQAAIIRoAAAGJwCOAAjYAAAg,FhJyppRNQcgAARBgAAGoAAISAABQLuqUHABdQuQiEiOMYA8I6pDwjqlC5ibiI2H3BeYfcEMgAAaWI1CgYAAGuiNUyiAATKQABCQAAAIuAAXV0I+EIogQLSIaGb4AABpgAEG6GrRiwABGOAAEY4AARS4ABQ3AAFLsAARH4ACfsAABiQI1AjAAAIA=,FhgAAAAGntBG2AAAB5JyppRRQB0AAAARDAAAABrgAAAhLAAAQQNA6sQBxgBgQC7gIkAiVAxlAPDg6sAPDg6sQC8AJxAiUgH7AF7AH7AEOAAAAGnAI4AKDgAAAGwAI4QMqAAAQMqgAAQCRgAAACNAAAQfsBCVgEKAiEAC2AIdAZxAAAABrAAAQBwAGuQGMgAAQGPgAAQGPgAAQFNgAAQQ4gAAQS9AAAQEhAAAghGgAAAYnAI4ACNgAACA
Descriptor_Deck_Division_SOV_25_Tank_multi,25-YA TANK. DIV.,PACT,36,Descriptor_Deck_SOV_25_Tank_multi,SZDBRMISSA,FhLzEaQMQAagAAAD2gAAgGcAABAHGAGCAOME2kAcYJtAELwDXABvAGlATJAAAAFUAAAA14A0sA1AAAIBqAAAQMqgAAge0AABA9oAACAFEAAEAKIAAIAUQAAQPZgAAgm1AABALcB/4AOYA10BtAAAABmgAAQBUgAAgDgANdAQMAACAgYAAEE2QAAIAhgAAQBDAAAgHkAABBOkAACAIkAAEDyoAAAg,FhLzGaQMQAagAAAD2gAAgGcAABAHGAGCAOME2kAcYJtAELwDXABvAGlATJAAAAFUAAAA14A0sA1AAAIBqAAAQMqgAAge0AABA9oAACAFEAAEAKIAAIAUQAAQPZgAAgm1AABALcB/4AOYA10BtAAAABmgAAQBUgAAgDgANdAQMAACAgYAAEE2QAAIAhgAAQBDAAAgHkAABBOkAACAIkAAEDyoAAAg,FhIzTSBaAzAAAeoABDMgAIOAC7BwJsYOBNiIWBqwNsNEJigAAKcAAGthooaUABDSgAJlIABPYAAJ7AABAnAAIE4ABAnAAJ68ABTZAAIWo/2BxBq42QAADLgAIKYABBuhq4gMABEBgAKa8ABA7gAIHcABDugAKc8ABA+gAJ5IAAEA,FhgAAAAGntBG2AAAB5IzTSBiADUAAAAe0AAEAzgAAIA4wAwQBxgm0gDjBNoAheAa4AN4A0oCZIAAAAqgAAAGvAGlgGoAABANQAACBlUAAED2gAAIHtAAAQAogAAgBRAABACiAACB7MAAEE2oAAIBbgP/ABzAGugNoAAAAM0AACAKkAAEAcABroCBgAAQEDAAAgmyAABAEMAACAIYAAEA8gAAIJ0gAAQBEgAAgeVAAAEA
Descriptor_Deck_Division_SOV_27_Gds_Rifle_multi,27-YA GV. MOTOSTRELK. DIV.,PACT,35,Descriptor_Deck_SOV_27_Gds_Rifle_multi,BFMTKMUMTD,FhLzEaMMYIAAAAADSAAAgf0ADBA/6AGSB/UD2ED+oHsIH7QD4wP4AHxAfYAABA+yAACB9kAAEA1IAAAApwAAABTgAAAfxA/9ANAAACA2gAAEEAYB64H8gDXQP5AGuAfkAAAAzWAAAAFgAAEBDIAAICBgAAQJiAAAgHUAAABACAa4AaQAAAAVQAAICGAAAAA1AAAgB9AAAAFOAAAAKcAAAQA=,FhLzGaMMYIAAAAADSAAAgf0ADBA/6AGSB/UD2ED+oHsIH7QD4wP4AHxAfYAABA+yAACB9kAAEA1IAAAApwAAABTgAAAfxA/9ANAAACA2gAAEEAYB64H8gDXQP5AGuAfkAAAAzWAAAAFgAAEBDIAAICBgAAQJiAAAgHUAAABACAa4AaQAAAAVQAAICGAAAAA1AAAgB9AAAAFOAAAAKcAAAQA=,FhIzzRhbP+gAAaEABP4gXZ/oDDP5HrJ/I9ZP1B7p+0PcPpgAJ9QABPqAAIaYAABSAAAKQAAP3H+4Z0ABGyAAKAAPRP3hq5+8NWPwgABmgAAAqgAIhYABEBgAJMEABDogAB/4NWDQgAAKcABEKgAAGYABA6gAAKQAABSAAAg=,FhgAAAAGntBG2AAAB5IzzRhjBAAAAAAaQAAED+gAYIH/QAyQP6gewgf1A9hA/aAfGB/AA+ID7AAAIH2QAAQPsgAAgGpAAAAFOAAAAKcAAAD+IH/oBoAAAQG0AAAggDAPXA/kAa6B/IA1wD8gAAAGawAAAAsAAAgIZAABAQMAACBMQAAEA6gAAAIAQDXADSAAAACqAABAQwAAAAGoAAEAPoAAAApwAAABTgAACA==
Descriptor_Deck_Division_TCH_303_Tank_multi,303. TANKOVA DIVIZE,PACT,35,Descriptor_Deck_TCH_303_Tank_multi,EAHAVYVMDY,FhLzEaMUUE/IAAAFzAAAAFO4AAEE/QAAEE/QAAEItIAAEE7QAAEE7QAAEFDQGEQFZwGEUFDgGEUFzIGEUEzwGEUGGYAAAFZYAAAFM4AAADM4AAEE7wGEQEqgGZgDCoAAADCoAAEFDAKXUFZQAAEFLgAAEC/IAAEEzgGdkEC4GEUFmAFfEEB4AAEFMAAAEFL4AAEFkAAAEFzQAAIDZoAAEDvgAAAg,FhLzGaMUUE/IAAAFzAAAAFO4AAEE/QAAEE/QAAEItIAAEE7QAAEE7QAAEFDQGEQFZwGEUFDgGEUFzIGEUEzwGEUGGYAAAFZYAAAFM4AAADM4AAEE7wGEQEqgGZgDCoAAADCoAAEFDAKXUFZQAAEFLgAAEC/IAAEEzgGdkEC4GEUFmAFfEEB4AAEFMAAAEFL4AAEFkAAAEFzQAAIDZoAAEDvgAAAg,FhJnxoxNU+oAAXJgABTiAAU+wABT7AAGLMAAU64ABTrgAFQuYOFZRg5UMmDlcqYOUzZg5YYAABWQAAFMgAAMyAAFO2YOEp5mMMIgAAwiAAVCqllVjgAFSwAAS+wABTMmc1AiYOVlpXlQGAAFS6AAVLgABWOgAFcsAAjZQABO8gAAgA==,FhgAAAAGntBG2AAAB5JnxoxRQT8gAAAXMAAAAU7gAAQT9AAAQT9AAAQi0gAAQTtAAAQTtAAAQUNAYRAVnAYRQUOAYRQXMgYRQTPAYRQYZgAAAVlgAAAUzgAAAMzgAAQTvAYRASqAZmAMKgAAAMKgAAQUMApdQVlAAAQUuAAAQL8gAAQTOAZ2QQLgYRQWYAV8QQHgAAQUwAAAQUvgAAQWQAAAQXNAAAgNmgAAQO+AAACA
Descriptor_Deck_Division_SOV_31_Tank_multi,31-YA TANK. DIV.,PACT,36,Descriptor_Deck_SOV_31_Tank_multi,FCOHWPXWDE,FhLzEaQMYBpgAvwBxgBfgDjAC/BQ4BfOAN0A0UBfQBroDXgDSwAtgAAABcAAAA6KAACCzEAAEDpAAAILNAAAQWaAAAgsyAABBZkAACB0cAAEDpIAAIJ2gAAABzAGugFuAM3A6WAAACEEAAEAcABroAqQAAQArAAAgGaAABAM0AACAhkAAEE2QAAICBgAAAA1AAAABqAAAAr8AACAdQAAEEZoAAAg,FhLzGaQMYBpgAvwBxgBfgDjAC/BQ4BfOAN0A0UBfQBroDXgDSwAtgAAABcAAAA6KAACCzEAAEDpAAAILNAAAQWaAAAgsyAABBZkAACB0cAAEDpIAAIJ2gAAABzAGugFuAM3A6WAAACEEAAEAcABroAqQAAQArAAAgGaAABAM0AACAhkAAEE2QAAICBgAAAA1AAAABqAAAAr8AACAdQAAEEZoAAAg,FhJnZpAthowLkHABcg4ALlQyXwg2gz8XuGrjWw0UCwAAAWQAA6EAArLgAE6IAArMQAFZiAArLwAFZeAAnQwAE6KAAp1wAAHEGrhagzE6QAAIPgAEG6GrgpgAECmAAhlwAEMuAAiFgAFNeAAiAwAADMAAAZgAAr2AAh0QAFGUAACA,FhgAAAAGntBG2AAAB5JnZpAxgGmAC/AHGAF+AOMAL8FDgF84A3QDRQF9AGugNeANLAC2AAAAFwAAADooAAILMQAAQOkAAAgs0AABBZoAACCzIAAEFmQAAIHRwAAQOkgAAgnaAAAAHMAa6AW4AzcDpYAAAIQQAAQBwAGugCpAABACsAACAZoAAEAzQAAICGQAAQTZAAAgIGAAAADUAAAAGoAAACvwAAIB1AAAQRmgAACA
Descriptor_Deck_Division_SOV_336_Naval_Brigade_multi,336-YA O.G. BRIGADA MORSKOY PEKHOTY,PACT,37,Descriptor_Deck_SOV_336_Naval_Brigade_multi,GFGBAARGRY,FhLzEaUUYGKAAAEGNgAAEGO4AAEHSQAAIGFQDTEGEQBrkGEAMDEGNwMDEGNwMDIGEwMEkGDoBroGA4BroGFYDTEGOYBrkGAYAAEGAYAAEGBAAAEGBAAAIGDIAAEGBIAAEGAoBpUGKQAAEGFgC0kGGABrkGEgBrkITgNo0GDQAAEGOQAAEGNoAAEAO4AAEA8wAAIGGQNo0GDgAAEA8oAAIITQAAEGCgAAIGCYAAAg,FhLzGaUUYGKAAAEGNgAAEGO4AAEHSQAAIGFQDTEGEQBrkGEAMDEGNwMDEGNwMDIGEwMEkGDoBroGA4BroGFYDTEGOYBrkGAYAAEGAYAAEGBAAAEGBAAAIGDIAAEGBIAAEGAoBpUGKQAAEGFgC0kGGABrkGEgBrkITgNo0GDQAAEGOQAAEGNoAAEAO4AAEA8wAAIGGQNo0GDgAAEA8oAAIITQAAEGCgAAIGCYAAAg,FhJyxpRNmJgABYzgAFjmAAXGIACYTjSVg+GrWDrAlY1sCVjWwJmEbA9YNBq5gIGrmFA0lY3Bq1gAAAWAAABYCgAFgKAAmCQABYDAAFgEGiWJwABYUizlhUGrWEIathLtGFgmAAWNoABY1AAEDmAAQ8YACYWNGFgyAAQ8QAChLAAFgiAAmCAAAIA=,FhgAAAAGntBG2AAAB5JyxpRRgYoAAAQY2AAAQY7gAAQdJAAAgYVANMQYRAGuQYQAwMQY3AwMQY3AwMgYTAwSQYOgGugYDgGugYVgNMQY5gGuQYBgAAQYBgAAQYEAAAQYEAAAgYMgAAQYEgAAQYCgGlQYpAAAQYWALSQYYAGuQYSAGuQhOA2jQYNAAAQY5AAAQY2gAAQA7gAAQDzAAAgYZA2jQYOAAAQDygAAghNAAAQYKAAAgYJgAACA
Descriptor_Deck_Division_SOV_35_AirAslt_Brig_multi,35-YA OG DESANTNO-SHTURMOVAYA BRIG.,PACT,37,Descriptor_Deck_SOV_35_AirAslt_Brig_multi,FBQIDKOWTQ,FhLzEaUUYA9wAAEBswAAAA9oAAEAOAAAIA2IBroAwYDQoAwYDQkAwoDTIBlgDQ4CSwBroAc4DTMA04EoIBeoB60BqQDTEBrYAAEBloAAEC74BrkAMQAAEBmoAAEBsYAAIAMQAAIAwQBrUAwQBrUBtAAAIAuIDRYAuIDRUCTwAAEAz4AAEBAoAAEA8gAAEAOYAAECUgAAEAOgAAEBAwAAIANYAAEBDAAAIByQAAAg,FhLzGaUUYA9wAAEBswAAAA9oAAEAOAAAIA2IBroAwYDQoAwYDQkAwoDTIBlgDQ4CSwBroAc4DTMA04EoIBeoB60BqQDTEBrYAAEBloAAEC74BrkAMQAAEBmoAAEBsYAAIAMQAAIAwQBrUAwQBrUBtAAAIAuIDRYAuIDRUCTwAAEAz4AAEBAoAAEA8gAAEAOYAAECUgAAEAOgAAEBAwAAIANYAAEBDAAAIByQAAAg,FhFuaUTYPWAARsQAAD1AAEDWAAg1wauDADP4MAM/QwI0mGUjQIkmGrgcY0nDSEnYXkHoRp40lGsAAEZUAAS7YatAvgAEZkAARsAACAvgAIL6GqQvoapGyAAILcNCgtw0JJNgAEM4AARAQABDugAEDeAASUIABA4AAEQGAAgM4ABEKgAIceAACA==,FhgAAAAGntBG2AAAB5FuaUUYA9wAAEBswAAAA9oAAEAOAAAIA2IBroAwYDQoAwYDQkAwoDTIBlgDQ4CSwBroAc4DTMA04EoIBeoB60BqQDTEBrYAAEBloAAEC74BrkAMQAAEBmoAAEBsYAAIAMQAAIAwQBrUAwQBrUBtAAAIAuIDRYAuIDRUCTwAAEAz4AAEBAoAAEA8gAAEAOYAAECUgAAEAOgAAEBAwAAIANYAAEBDAAAIByQAAAg=
Descriptor_Deck_Division_SOV_39_Gds_Rifle_multi,39-YA GV. MOTOSTRELK. DIV.,PACT,35,Descriptor_Deck_SOV_39_Gds_Rifle_multi,FRXHTCHOCO,FhLzEaMUYAzgAAEA0YBokAcQBokAcIBokAboBogBfQBokEA4BokA1IAAEBDAAAEBAoAAEAKYAAEAU4AAEAU4AAEAtwBm0AcwBrUA0AAAEAcABrgA0gAAAA0gAAAANQAAAAVQAAAALYAAEAMQAAEBtAAAAAVIAAEBDAAAEBAwAAEAQwAAEA9QAAEARIAAEAKwAAAAzQAAAALYAAEEBgAYEEBgAYAg,FhLzGaMUYAzgAAEA0YBokAcQBokAcIBokAboBogBfQBokEA4BokA1IAAEBDAAAEBAoAAEAKYAAEAU4AAEAU4AAEAtwBm0AcwBrUA0AAAEAcABrgA0gAAAA0gAAAANQAAAAVQAAAALYAAEAMQAAEBtAAAAAVIAAEBDAAAEBAwAAEAQwAAEA9QAAEARIAAEAKwAAAAzQAAAALYAAEEBgAYEEBgAYAg,FhFiaMTYMyAAQ0AZ9Bvhn0G8GfQbQZ8F7hn1AIGfQ0wABEKgAEQEAAQKAABBSAAEFIAAQtQZhBxBqkM6AAQboasDQgAANCAAAMwAABTgAACwAAQL4ABGyAAAFMAARCoABEBgAEDuAAQ84ABA+gAECmAAAy4AAAsAAFASBdUBIF0I,FhgAAAAGntBG2AAAB5FiaMUYAzgAAEA0YBokAcQBokAcIBokAboBogBfQBokEA4BokA1IAAEBDAAAEBAoAAEAKYAAEAU4AAEAU4AAEAtwBm0AcwBrUA0AAAEAcABrgA0gAAAA0gAAAANQAAAAVQAAAALYAAEAMQAAEBtAAAAAVIAAEBDAAAEBAwAAEAQwAAEA9QAAEARIAAEAKwAAAAzQAAAALYAAEEBgAYEEBgAYAg=
Descriptor_Deck_Division_POL_4_Zmechanizowana_multi,4 DYW. ZMECHANIZOWANA,PACT,37,Descriptor_Deck_POL_4_Zmechanizowana_multi,TXTNNGPIUS,FhLzEaUUUDNgAAEC+4AAACpAAAACvoAAADC4AAIEu4FX0EWgIrUDRoAAEDRoAAED3AAAEDR4AAED5YAAED54AAED5QAAADJgAAEDJwAAEDJwAAEDJoAAADKQAAACgAAAIC8YE+gDGoGdQEGgAAADAQAAADAQAAACgoAAAC3oF9EC8gGRkDFYGRkC8YGRsCh4GoUCmYGRkCmIF9UDPwGRgC8AGRkCtYGRgCtwFegg,FhLzGaUUUDNgAAEC+4AAACpAAAACvoAAADC4AAIEu4FX0EWgIrUDRoAAEDRoAAED3AAAEDR4AAED5YAAED54AAED5QAAADJgAAEDJwAAEDJwAAEDJoAAADKQAAACgAAAIC8YE+gDGoGdQEGgAAADAQAAADAQAAACgoAAAC3oF9EC8gGRkDFYGRkC8YGRsCh4GoUCmYGRkCmIF9UDPwGRgC8AGRkCtYGRgCtwFegg,FhHwGlE1M0gAEvoAACoYAAK9AAAwmAAkuhVxRYoqk0UAATRQABPagAE0YAAT5AABPmAAE+OAADJIABMlgAEyWAATJQAAMngAAn6AAi8BPcMZGchBiAAC/oAAL+gAAoCAAC3RfFLwmQ0xQZDS8BkPKGGnkpgZDSlxfJM9mQwu4ZDStBkMK1ldwg==,FhgAAAAGntBG2AAAB5HwGlFFAzYAABAvuAAAAqQAAAAr6AAAAwuAACBLuBV9BFoCK1A0aAABA0aAABA9wAABA0eAABA+WAABA+eAABA+UAAAAyYAABAycAABAycAABAyaAAAAykAAAAoAAACAvGBPoAxqBnUBBoAAAAwEAAAAwEAAAAoKAAAAt6BfRAvIBkZAxWBkZAvGBkbAoeBqFApmBkZApiBfVAz8BkYAvABkZArWBkYArcBXoI=
Descriptor_Deck_Division_RDA_4_MSD_multi,4. MOT.-SCHÜTZEN-DIVISION,PACT,36,Descriptor_Deck_RDA_4_MSD_multi,SGGDGYLPQD,FhLzEaQUQBG4AAAAjAAAAAjAAAEBCQA1EAu4A1EAu4A1AAsQA1ABfIA1MBBAB+4As4B/AAaAAAAAaIAAABqgCOEBhwAAEBH4AAABIQAAABIAAAABIAAAEBHwAAEAjYAAEAjYAAEAvoB+wAtgCHUBQwAAAAuYB+0AawAAAAh4AAIAtIB/IBgIB+0BRYAAEBjAAAIBi4AAEBTAAAEDX4AAED1QAAABjgAAAg==,FhLzGaQUQBG4AAAAjAAAAAjAAAEBCQA1EAu4A1EAu4A1AAsQA1ABfIA1MBBAB+4As4B/AAaAAAAAaIAAABqgCOEBhwAAEBH4AAABIQAAABIAAAABIAAAEBHwAAEAjYAAEAjYAAEAvoB+wAtgCHUBQwAAAAuYB+0AawAAAAh4AAIAtIB/IBgIB+0BRYAAEBjAAAIBi4AAEBTAAAEDX4AAED1QAAABjgAAAg==,FhFmaQTQRoAAAioAACKgAEQaDRQuQNFC5A0QK+DRBewNHECh94LGH4AZoAABnAAAaiI1RhIABEeAAAR+AABHoAAEegAER2AAQjAABCMAAELyH3AtIhpFBgAALgH3QaYAACFAAILKH4hfwfdFEAAEYqAAhigABFKgAE14AAT04AAGMgAAgA==,FhgAAAAGntBG2AAAB5FmaQUQBG4AAAAjAAAAAjAAAEBCQA1EAu4A1EAu4A1AAsQA1ABfIA1MBBAB+4As4B/AAaAAAAAaIAAABqgCOEBhwAAEBH4AAABIQAAABIAAAABIAAAEBHwAAEAjYAAEAjYAAEAvoB+wAtgCHUBQwAAAAuYB+0AawAAAAh4AAIAtIB/IBgIB+0BRYAAEBjAAAIBi4AAEBTAAAEDX4AAED1QAAABjgAAAgA==
Descriptor_Deck_Division_SOV_56_AirAslt_Brig_multi,56-YA OG DESANTNO-SHTURMOVAYA BRIG.,PACT,34,Descriptor_Deck_SOV_56_AirAslt_Brig_multi,VPUGAKJCSA,FhLzEaIUYA9wAAEANQAAECvwAAEEWQAAIBegHsUBeoHsUBeoHsUEd4I00EeAIN0EcAHpkEcAB64EdQIPkEdAI0EBmoAAEALYAAEBloAAIEcgAAEEcYAAEEcQAAEEGwAAIEe4INUEFAI5UEeoIPkEb4AAEEIQAAEEeYI2UCTwAAEAKwAAEEFQAAEEfIAAEBMoAAEEBAAAEEZgAAECUgAAAg==,FhLzGaIUYA9wAAEANQAAECvwAAEEWQAAIBegHsUBeoHsUBeoHsUEd4I00EeAIN0EcAHpkEcAB64EdQIPkEdAI0EBmoAAEALYAAEBloAAIEcgAAEEcYAAEEcQAAEEGwAAIEe4INUEFAI5UEeoIPkEb4AAEEIQAAEEeYI2UCTwAAEAKwAAEEFQAAEEfIAAEBMoAAEEBAAAEEZgAAECUgAAAg==,FhI3DRCbB6wACBmAAJXsAAorwAELxPWovI9ai8j1qjsRoKO1Boo3T0ajdD0SOdB2o5UZqMyAAIFgAAjKgAEjhAAKOAAAo3wACgzAASPRBkoJUcSjyQdqNwAAoPwACjwRrJJsAAgUwACgmAAKPUAAiRAACgFAAKMkAAkoQAAQ,FhgAAAAGntBG2AAAB5I3DRCjAHuAAAgBqAAAgV+AAAgiyAABAL0A9igL1A9igL1A9igjvBGmgjwBBugjgA9MgjgAPXAjqBB8gjoBGggM1AAAgBbAAAgMtAABAjkAAAgjjAAAgjiAAAgg2AABAj3BBqggoBHKgj1BB8gjfAAAghCAAAgjzBGygSeAAAgBWAAAggqAAAgj5AAAgJlAAAggIAAAgjMAAAgSkAAAEA==
Descriptor_Deck_Division_SOV_6IndMSBrig_multi,6-YA OG MOTOSTRELK. BRIG.,PACT,34,Descriptor_Deck_SOV_6IndMSBrig_multi,IGOVXYAUMV,FhLzEaIUUDZIAAAANQAAAANQAAEA0wC80AcYC80AcYC8wAboBokBfQBrsELgCjIELoCjACWgB/EA1AAAEBIQAAAAKIAAAAKIAAAAKYAAAAcwBrkAtgCHYEBoB8QAKoAAEALAAAAAcABrkEFQAAEEFQAAEBSoAAEEN4AAEENwAAEDSYAAEBnQBpQCvwAAACCQAAACvwAAEEOIAAAA/wAAAg==,FhLzGaIUUDZIAAAANQAAAANQAAEA0wC80AcYC80AcYC8wAboBokBfQBrsELgCjIELoCjACWgB/EA1AAAEBIQAAAAKIAAAAKIAAAAKYAAAAcwBrkAtgCHYEBoB8QAKoAAEALAAAAAcABrkEFQAAEEFQAAEBSoAAEEN4AAEENwAAEDSYAAEBnQBpQCvwAAACCQAAACvwAAEEOIAAAA/wAAAg==,FhI2DRCamxQAABmAAAGYAAhoxaSDgFpIOAWkA2gz6L3DV6FgUTIWRRISxD8IaUAAiPwAABOAAAE4AAAUAAADiDVoWkQ1ICg9wBSAAIFUAAA3Q1agmAAKCYAAikgAChsAAKGsAAmkAACM3DRBXsAAEDgAAV7AAKG4AAB+wAAQ,FhgAAAAGntBG2AAAB5I2DRCigbJAAAABqAAAABqAAAgGmAXmgDjAXmgDjAXmADdANEgL6ANdghcAUZAhdAUYAS0AP4gGoAAAgJCAAAABRAAAABRAAAABTAAAADmANcgFsAQ7AgNAPiABVAAAgBYAAAADgANcggqAAAggqAAAgKVAAAghvAAAghuAAAgaTAAAgM6ANKAV+AAAAQSAAAAV+AAAghxAAAAH+AAAEA==
Descriptor_Deck_Division_RDA_7_Panzer_multi,7. PANZERDIVISION,PACT,36,Descriptor_Deck_RDA_7_Panzer_multi,KFGIGDUXXL,FhLzEaQUUBDwAAABG4AAABG4AAEDbwAAEC4YB+wAvAA0gApIA0gAsIA1ABfIA1IBaAAAIBIIAAEBIQAAEBIQAAEBIQAAEBIYAAEAkYAAEBIgAAEBIgAAEBPoAAIBCgB/AAtgCHQAjQAAEBQwAAECT4AAEBRYAAABsAB/AAaAAAAAaIAAAAjIAAACYoB+wBGwAAAAh4AAEBQgAAEBS4AAEAnwAAEBDYAAAg==,FhLzGaQUUBDwAAABG4AAABG4AAEDbwAAEC4YB+wAvAA0gApIA0gAsIA1ABfIA1IBaAAAIBIIAAEBIQAAEBIQAAEBIQAAEBIYAAEAkYAAEBIgAAEBIgAAEBPoAAIBCgB/AAtgCHQAjQAAEBQwAAECT4AAEBRYAAABsAB/AAaAAAAAaIAAAAjIAAACYoB+wBGwAAAAh4AAEBQgAAEBS4AAEAnwAAEBDYAAAg==,FhEk0gmohsAACNAAAI0AAJtoAAlwA+4FzBngUUGeBXgaIL2Bows0ABCPgACI/AAIj8AAiPwACJAAAISAAAiQQACJBAAInkABCEQ/AFpENARcAAigwACScAAIogAADXQ/ADNAAAM4AABFgAATCD7gjMAABCgACKBAAIpQAAhOwACIYAABAA==,FhgAAAAGntBG2AAAB5Ek0gooCHgAAACNwAAACNwAAIG3gAAIFwwD9gBeABpABSQBpABYQBqAC+QBqQC0AAAQCQQAAICQgAAICQgAAICQgAAICQwAAIBIwAAICRAAAICRAAAICfQAAQCFAD+ABbAEOgBGgAAIChgAAIEnwAAICiwAAADYAD+AA0AAAAA0QAAABGQAAAExQD9gCNgAAABDwAAIChAAAIClwAAIBPgAAICGwAABAA==
Descriptor_Deck_Division_SOV_76_VDV_multi,76-YA GV VOZDUSHNO-DESANTNAYA DIV.,PACT,37,Descriptor_Deck_SOV_76_VDV_multi,LPCRPUZJTW,FhLzEaUUYExgAAEEBYAAEE1IAAADZYAAIA2IDQoA2IIN0AXQDREAXQDREE5QDREAwoDRIE5ADTEBkwIN4BlYDQ4BlgDQ0BmoAAEBmoAAEBloAAEBloAAEEw4AAEEw4AAEAMQAAEAMQAAIE54JzoAcgDTECVwAAEExAAAEDyoAAEAuIDRUBpoAAEAz4AAEE1oAAIELAAAEE5oAAEE1gAAEEzYAAEEvoAAADZYAAAg,FhLzGaUUYExgAAEEBYAAEE1IAAADZYAAIA2IDQoA2IIN0AXQDREAXQDREE5QDREAwoDRIE5ADTEBkwIN4BlYDQ4BlgDQ0BmoAAEBmoAAEBloAAEBloAAEEw4AAEEw4AAEAMQAAEAMQAAIE54JzoAcgDTECVwAAEExAAAEDyoAAEAuIDRUBpoAAEAz4AAEE1oAAIELAAAEE5oAAEE1gAAEEzYAAEEvoAAADZYAAAg,FhJmJpRNkxAABQEAAFNMAADZAACDXDP4Ncg0QWQ0FBZDQVOMNBQwI0GTijSUZGg0hlA0CGUjQEZkAARmQABGVAAEZUAAUwgABTCAAEC+AAQL4ACTmJy4HCNJSVYABTCgAE8kAAQtw0JGlAAEM4AAU1AACQqAAFOUAAU04ABTMAAFL0AADZAAAIA=,FhgAAAAGntBG2AAAB5JmJpRRgTGAAAQQFgAAQTUgAAANlgAAgDYgNCgDYgg3QBdANEQBdANEQTlANEQDCgNEgTkANMQGTAg3gGVgNDgGWANDQGagAAQGagAAQGWgAAQGWgAAQTDgAAQTDgAAQAxAAAQAxAAAgTngnOgByANMQJXAAAQTEAAAQPKgAAQC4gNFQGmgAAQDPgAAQTWgAAgQsAAAQTmgAAQTWAAAQTNgAAQS+gAAANlgAACA
Descriptor_Deck_Division_SOV_79_Gds_Tank_multi,79-YA GV. TANK. DIV.,PACT,35,Descriptor_Deck_SOV_79_Gds_Tank_multi,YSVBQNJFUH,FhLzEaMUYAzgAAEA1IAAEAU4AAEAU4AAEAU4AAICCwAAICCwAAAA1gAAIAcgDTEAtwH/kA0AAAAAcABrkAKwAAAA0gAAACvwAAEA0wBrkAcYAYEEBgHsUAcYAYEAboBogBfQBrgALgAAEBAYAAEBAgAAEBAwAAEELwAAED04AAEA8wAAEAMQAAEALAAAEA94AAAALYAAAAzQAAEDZIAAEBrwBpQg,FhLzGaMUYAzgAAEA1IAAEAU4AAEAU4AAEAU4AAICCwAAICCwAAAA1gAAIAcgDTEAtwH/kA0AAAAAcABrkAKwAAAA0gAAACvwAAEA0wBrkAcYAYEEBgHsUAcYAYEAboBogBfQBrgALgAAEBAYAAEBAgAAEBAwAAEELwAAED04AAEA8wAAEAMQAAEALAAAEA94AAAALYAAAAzQAAEDZIAAEBrwBpQg,FhEs0YmwZkAAhpgACCkAAIKQAAgpAAEQTAARBMAABqQAEDhGkoWo/2hnQAADdDVoFMAABoQAAV7AAIaMNWg4ALqgJPWoOAC6g2gz4L3DVgFkAAiAAACIBAAIgMAAoWwACekAAIeMAAgXwACBVAAIewAAAWAAAGXAAJsUAAjWw0QQ,FhgAAAAGntBG2AAAB5Es0YowBnAAAIBqQAAIApwAAIApwAAIApwAAQEFgAAQEFgAAABrAAAQA5AGmIBbgP/IBoAAAAA4ADXIAVgAAABpAAAAFfgAAIBpgDXIA4wAwIIDAPYoA4wAwIA3QDRAC+gDXAAXAAAICAwAAICBAAAICBgAAIIXgAAIHpwAAIB5gAAIAYgAAIAWAAAIB7wAAAAWwAAABmgAAIGyQAAIDXgDShA=
Descriptor_Deck_Division_RDA_9_Panzer_multi,9. PANZERDIVISION,PACT,36,Descriptor_Deck_RDA_9_Panzer_multi,JLFAWVYJKY,FhLzEaQUYERIA04ERIA0wAvAJswAvACcQAsIA1ABewB+0DbwAAAAa4AAADNAAAEEZwAAECCoAAEBIYAAIDLgAAIDLgAAIDLgAAEBPoAAEBPoAAEBPoAAEDMQAAAE2wAAAAvoB+wAjQAAAEIQAAECYoB+0AawAAEBGwAAAAh4AAEDSoAAEBQgAAEBkAAAEBj4AAEBTQAAEBOAAAABsACOAAaIAAADCwAAAg==,FhLzGaQUYERIA04ERIA0wAvAJswAvACcQAsIA1ABewB+0DbwAAAAa4AAADNAAAEEZwAAECCoAAEBIYAAIDLgAAIDLgAAIDLgAAEBPoAAEBPoAAEBPoAAEDMQAAAE2wAAAAvoB+wAjQAAAEIQAAECYoB+0AawAAEBGwAAAAh4AAEDSoAAEBQgAAEBkAAAEBj4AAEBTQAAEBOAAAABsACOAAaIAAADCwAAAg==,FhHumkE2RDA0JEMDQAuabAC5ibgK8DRBeYfdNtAAAGoAADMoABRlgAEgkAARIAACMsgAIyyAAjLIABE8gAETyAARPIABMvAABNmAAAvIfcCLgABB+AASYQfdBpgAERmAAAhQABNJAAEUCAARjoABGOAAEUsAARNoAAGuiNQGcAADCQAAIA==,FhgAAAAGntBG2AAAB5HumkFGBESANOBESANMALwCbMALwAnEALCANQAXsAftA28AAAAGuAAAAzQAABBGcAABAgqAABASGAACAy4AACAy4AACAy4AABAT6AABAT6AABAT6AABAzEAAABNsAAAAL6AfsAI0AAABCEAABAmKAftAGsAABARsAAAAIeAABA0qAABAUIAABAZAAABAY+AABAU0AABATgAAAAbAAjgAGiAAAAwsAAAIA==
Descriptor_Deck_Division_SOV_94_Gds_Rifle_multi,94-YA GV. MOTOSTRELK. DIV.,PACT,36,Descriptor_Deck_SOV_94_Gds_Rifle_multi,KVFDWIOEXD,FhLzEaQUUA0IAAAHSIAAAANQAAEDZIAAIBegEukA0YBokC4wGcYAcYJtIAcYJtAAcIBokEcAEugBhoJtABfQBogALYAAAALYAAAALgAAAAVQAAEEWIAAAAMQAAADKgAAAE0oAAIAKQAAEGMAAAAF+oAAEGL4AAAAtwEoAGMgL9AEYQB8UEeYEoAAVIAAEELwAAAAKwAAAAK4AAEIugAAEIlYAAEF14AAAg==,FhLzGaQUUA0IAAAHSIAAAANQAAEDZIAAIBegEukA0YBokC4wGcYAcYJtIAcYJtAAcIBokEcAEugBhoJtABfQBogALYAAAALYAAAALgAAAAVQAAEEWIAAAAMQAAADKgAAAE0oAAIAKQAAEGMAAAAF+oAAEGL4AAAAtwEoAGMgL9AEYQB8UEeYEoAAVIAAEELwAAAAKwAAAAK4AAEIugAAEIlYAAEF14AAAg==,FhJyRpBNQzwAAcYAAADMAATYoACF4ktkNAGfS4Zm2BwJsYHAmxAbwZ9RuktgYQmxBe4Z8AsAAACwAAALIAABTgAFFcAAAL4AAMogABM+AAgJ4ABYugABfiAAWLgAAC1EnRi+vwEX4e5R4EnQFMAAULYAAApgAACoAAYuIABiTAAFdWAACA==,FhgAAAAGntBG2AAAB5JyRpBRQDQgAAAdIgAAAA1AAAQNkgAAgF6AS6QDRgGiQLjAZxgBxgm0gBxgm0ABwgGiQRwAS6AGGgm0AF9AGiAAtgAAAAtgAAAAuAAAABVAAAQRYgAAAAxAAAAMqAAAATSgAAgApAAAQYwAAAAX6gAAQYvgAAAC3ASgAYyAv0ARhAHxQR5gSgABUgAAQQvAAAAArAAAAArgAAQi6AAAQiVgAAQXXgAACA==
Descriptor_Deck_Division_WP_Unternehmen_Zentrum_multi,BERLINER GRUPPIERUNG,PACT,39,Descriptor_Deck_WP_Unternehmen_Zentrum_multi,TTRBSAYZQM,FhLzEacUUDbwAAABG4AAABG4AAAAa4AAIBCoEuEEOwA1EEOwA1EBCwA1EBCQA1EEMAA1ED2wA1EBewB+0BfIB+0BgAB+wAaAAAAAaIAAAAjIAAEBIIAAEBIIAAEBIQAAEBIQAAEBPwAAEAjgAAEAvoA6QDwoB/EAjQAAEAh4AAEAh4AAEAawAAEAawAAEAuYB+0BRAAAEBRIAAEBRYAAEAOoAAEEOQAAEDXgAAEEM4AAAAjIAAAg,FhLzGacUUDbwAAABG4AAABG4AAAAa4AAIBCoEuEEOwA1EEOwA1EBCwA1EBCQA1EEMAA1ED2wA1EBewB+0BfIB+0BgAB+wAaAAAAAaIAAAAjIAAEBIIAAEBIIAAEBIQAAEBIQAAEBPwAAEAjgAAEAvoA6QDwoB/EAjQAAEAh4AAEAh4AAEAawAAEAawAAEAuYB+0BRAAAEBRIAAEBRYAAEAOoAAEEOQAAEDXgAAEEM4AAAAjIAAAg,FhGhNOJqbaAAAjQAACNAAADUAAQhIloocwaKhzBoohMGiiDQaKhdBop7MGii8w+6L2D7ov0PuAzQAADOAAARYAAiPgACI+AAIj8AAiPwACJ6AAIRkAAheQcweCD8IRcAAhCgACEKAAINMAAg0wACFwD7ooUAAihgACKIAAIHIAAobwACa5AAKGQAABFgAAQ=,FhgAAAAGntBG2AAAB5GhNOKKBt4AAAAjcAAAAjcAAAANcAAEAhUCXCCHYAaiCHYAaiAhYAaiAhIAaiCGAAaiB7YAaiAvYA/aAvkA/aAwAA/YANAAAAANEAAAARkAACAkEAACAkEAACAkIAACAkIAACAn4AACARwAACAX0AdIB4UA/iARoAACAQ8AACAQ8AACANYAACANYAACAXMA/aAogAACAokAACAosAACAHUAACCHIAACBrwAACCGcAAAARkAAAQ=
Descriptor_Deck_Division_RDA_KdA_Bezirk_Erfurt_multi,K.d.A. BEZIRK ERFURT,PACT,37,Descriptor_Deck_RDA_KdA_Bezirk_Erfurt_multi,PSXGGJVXIM,FhLzEaUUQBG4AAAAa4AAEAOAAAEDbwAAEBBwBOQBCIBOQAu4BOQCEgB+wAsIB/ABgAB+wBfIB+4EH4DTADw4BOQEDYBOUBj4AAEBtQAAEAOgAAEAO4AAEEDgAAABxIAAABl4AAABmQAAAEIAB/ABhwAAEBQwAAEBRQAAEBjYAAEBjIAAACeoAAAAuYB+wBuAB+wAaoAAAAKoAAAALIAAAALoAAAALoAAEAjYAAAg,FhLzGaUUQBG4AAAAa4AAEAOAAAEDbwAAEBBwBOQBCIBOQAu4BOQCEgB+wAsIB/ABgAB+wBfIB+4EH4DTADw4BOQEDYBOUBj4AAEBtQAAEAOgAAEAO4AAEEDgAAABxIAAABl4AAABmQAAAEIAB/ABhwAAEBQwAAEBRQAAEBjYAAEBjIAAACeoAAAAuYB+wBuAB+wAaoAAAAKoAAAALIAAAALoAAAALoAAEAjYAAAg,FhF2aUTQRoAAAagABA1gAE20AARBYTUEGBNQLkE1CEIfcCvB+AX6H3BewfeQeDSQ8IE1EDATVGOAAEbOAAQOAABA5gAFAyAABwwAAGWAAAZeAAEHofgGEgAEUGAARQ4ABGMAAEYsAACeQAAC4B9wbaH3AaQAAApAAACsAAALQAAAtAAEIwAACA==,FhgAAAAGntBG2AAAB5F2aUUQBG4AAAAa4AAEAOAAAEDbwAAEBBwBOQBCIBOQAu4BOQCEgB+wAsIB/ABgAB+wBfIB+4EH4DTADw4BOQEDYBOUBj4AAEBtQAAEAOgAAEAO4AAEEDgAAABxIAAABl4AAABmQAAAEIAB/ABhwAAEBQwAAEBRQAAEBjYAAEBjIAAACeoAAAAuYB+wBuAB+wAaoAAAAKoAAAALIAAAALoAAAALoAAEAjYAAAg=
Descriptor_Deck_Division_POL_Korpus_Desantowy_multi,KORPUS DESANTOWY,PACT,37,Descriptor_Deck_POL_Korpus_Desantowy_multi,RUBMFOCSHC,FhLzEaUUQDgwAAAEwIAAED3YAAIDNoAAAC4AGdUC6QGdUDKAAAEJEYAAADJ4AAACeAEjUC9IF6kC9IF6oDBgFRYDBoFRYDBQFRYDOYAAED4gIrUDTwAAID3oGdYC3wGdYFjYEjECrgAAEDUAAAEDT4AAED3AAAEDYAAAEDYAAAED6AAAED5YAAED5wAAECgYAAED4YF7kEHoAAECgQAAAD3wAAEDRgAAAD3wAAAg,FhLzGaUUQDgwAAAEwIAAED3YAAIDNoAAAC4AGdUC6QGdUDKAAAEJEYAAADJ4AAACeAEjUC9IF6kC9IF6oDBgFRYDBoFRYDBQFRYDOYAAED4gIrUDTwAAID3oGdYC3wGdYFjYEjECrgAAEDUAAAEDT4AAED3AAAEDYAAAEDYAAAED6AAAED5YAAED5wAAECgYAAED4YF7kEHoAAECgQAAAD3wAAEDRgAAAD3wAAAg,FhHwmlE0OBAABL8AAT3AACM1AAAt6ZyS55nJMmgAGQ+AADJgAAJ2kikvMXnS8xeeMElQYwUVBjA5UGM4AAE+CiqTTYACPdGcot2ZyljBIlKsgAE06AATTgABPagAE16AATXoABPmgAE+QAAT5YABKAAAE+AXrUHQABJ/gAA92AATRIAAPdgAAg==,FhgAAAAGntBG2AAAB5HwmlFEA4MAAABMCAABA92AACAzaAAAAuABnVAukBnVAygAABCRGAAAAyeAAAAngBI1AvSBepAvSBeqAwYBUWAwaBUWAwUBUWAzmAABA+ICK1A08AACA96BnWAt8BnWBY2BIxAq4AABA1AAABA0+AABA9wAABA2AAABA2AAABA+gAABA+WAABA+cAABAoGAABA+GBe5BB6AABAoEAAAA98AABA0YAAAA98AAAI=
